[17:07:29] [ServerMain/INFO]: [bootstrap] Running Java 21 (OpenJDK 64-Bit Server VM 21.0.8+9-Ubuntu-0ubuntu124.04.1; Ubuntu null) on Linux 6.8.0-1030-azure (amd64)
[17:07:29] [ServerMain/INFO]: [bootstrap] Loading Paper 1.21.8-6-main@782ce95 (2025-07-18T20:26:58Z) for Minecraft 1.21.8
[17:07:29] [ServerMain/INFO]: [PluginInitializerManager] Initializing plugins...
[17:07:29] [ServerMain/INFO]: [PluginInitializerManager] Initialized 6 plugins
[17:07:29] [ServerMain/INFO]: [PluginInitializerManager] Bukkit plugins (6):
 - ItemEdit (3.7.4), LoginSecurity (3.3.0), OpenInv (5.1.15), SkinsRestorer (15.8.2), ViaBackwards (5.5.1), ViaVersion (5.5.1)
[17:07:34] [ServerMain/INFO]: Environment: Environment[sessionHost=https://sessionserver.mojang.com, servicesHost=https://api.minecraftservices.com, name=PROD]
[17:07:36] [ServerMain/INFO]: Loaded 1407 recipes
[17:07:36] [ServerMain/INFO]: Loaded 1520 advancements
[17:07:36] [ServerMain/INFO]: [ca.spottedleaf.dataconverter.minecraft.datatypes.MCTypeRegistry] Initialising converters for DataConverter...
[17:07:36] [ServerMain/INFO]: [ca.spottedleaf.dataconverter.minecraft.datatypes.MCTypeRegistry] Finished initialising converters for DataConverter in 451.0ms
[17:07:37] [Server thread/INFO]: Starting minecraft server version 1.21.8
[17:07:37] [Server thread/INFO]: Loading properties
[17:07:37] [Server thread/INFO]: This server is running Paper version 1.21.8-6-main@782ce95 (2025-07-18T20:26:58Z) (Implementing API version 1.21.8-R0.1-SNAPSHOT)
[17:07:37] [Server thread/INFO]: [spark] This server bundles the spark profiler. For more information please visit https://docs.papermc.io/paper/profiling
[17:07:37] [Server thread/INFO]: Server Ping Player Sample Count: 12
[17:07:37] [Server thread/INFO]: Using 4 threads for Netty based IO
[17:07:37] [Server thread/INFO]: [MoonriseCommon] Paper is using 1 worker threads, 1 I/O threads
[17:07:37] [Server thread/INFO]: [ChunkTaskScheduler] Chunk system is using population gen parallelism: true
[17:07:39] [Server thread/INFO]: Default game type: SURVIVAL
[17:07:39] [Server thread/INFO]: Generating keypair
[17:07:39] [Server thread/INFO]: Starting Minecraft server on *:25565
[17:07:39] [Server thread/INFO]: Using epoll channel type
[17:07:39] [Server thread/INFO]: Paper: Using libdeflate (Linux x86_64) compression from Velocity.
[17:07:39] [Server thread/INFO]: Paper: Using OpenSSL 3.x.x (Linux x86_64) cipher from Velocity.
[17:07:40] [Server thread/INFO]: [SpigotLibraryLoader] [ItemEdit] Loading 5 libraries... please wait
[17:07:40] [Server thread/INFO]: [SpigotLibraryLoader] [ItemEdit] Loaded library /workspaces/mc/servidor_minecraft/libraries/net/kyori/adventure-api/4.20.0/adventure-api-4.20.0.jar
[17:07:40] [Server thread/INFO]: [SpigotLibraryLoader] [ItemEdit] Loaded library /workspaces/mc/servidor_minecraft/libraries/net/kyori/adventure-key/4.20.0/adventure-key-4.20.0.jar
[17:07:40] [Server thread/INFO]: [SpigotLibraryLoader] [ItemEdit] Loaded library /workspaces/mc/servidor_minecraft/libraries/net/kyori/examination-api/1.3.0/examination-api-1.3.0.jar
[17:07:40] [Server thread/INFO]: [SpigotLibraryLoader] [ItemEdit] Loaded library /workspaces/mc/servidor_minecraft/libraries/net/kyori/examination-string/1.3.0/examination-string-1.3.0.jar
[17:07:40] [Server thread/INFO]: [SpigotLibraryLoader] [ItemEdit] Loaded library /workspaces/mc/servidor_minecraft/libraries/org/jetbrains/annotations/26.0.2/annotations-26.0.2.jar
[17:07:40] [Server thread/INFO]: [SpigotLibraryLoader] [ItemEdit] Loaded library /workspaces/mc/servidor_minecraft/libraries/net/kyori/adventure-platform-bukkit/4.3.4/adventure-platform-bukkit-4.3.4.jar
[17:07:40] [Server thread/INFO]: [SpigotLibraryLoader] [ItemEdit] Loaded library /workspaces/mc/servidor_minecraft/libraries/net/kyori/adventure-platform-api/4.3.4/adventure-platform-api-4.3.4.jar
[17:07:40] [Server thread/INFO]: [SpigotLibraryLoader] [ItemEdit] Loaded library /workspaces/mc/servidor_minecraft/libraries/net/kyori/adventure-text-serializer-bungeecord/4.3.4/adventure-text-serializer-bungeecord-4.3.4.jar
[17:07:40] [Server thread/INFO]: [SpigotLibraryLoader] [ItemEdit] Loaded library /workspaces/mc/servidor_minecraft/libraries/net/kyori/adventure-nbt/4.13.1/adventure-nbt-4.13.1.jar
[17:07:40] [Server thread/INFO]: [SpigotLibraryLoader] [ItemEdit] Loaded library /workspaces/mc/servidor_minecraft/libraries/net/kyori/adventure-text-serializer-gson-legacy-impl/4.13.1/adventure-text-serializer-gson-legacy-impl-4.13.1.jar
[17:07:40] [Server thread/INFO]: [SpigotLibraryLoader] [ItemEdit] Loaded library /workspaces/mc/servidor_minecraft/libraries/net/kyori/adventure-platform-facet/4.3.4/adventure-platform-facet-4.3.4.jar
[17:07:40] [Server thread/INFO]: [SpigotLibraryLoader] [ItemEdit] Loaded library /workspaces/mc/servidor_minecraft/libraries/net/kyori/adventure-platform-viaversion/4.3.4/adventure-platform-viaversion-4.3.4.jar
[17:07:40] [Server thread/INFO]: [SpigotLibraryLoader] [ItemEdit] Loaded library /workspaces/mc/servidor_minecraft/libraries/net/kyori/adventure-text-minimessage/4.20.0/adventure-text-minimessage-4.20.0.jar
[17:07:40] [Server thread/INFO]: [SpigotLibraryLoader] [ItemEdit] Loaded library /workspaces/mc/servidor_minecraft/libraries/net/kyori/adventure-text-serializer-gson/4.20.0/adventure-text-serializer-gson-4.20.0.jar
[17:07:40] [Server thread/INFO]: [SpigotLibraryLoader] [ItemEdit] Loaded library /workspaces/mc/servidor_minecraft/libraries/net/kyori/adventure-text-serializer-json/4.20.0/adventure-text-serializer-json-4.20.0.jar
[17:07:40] [Server thread/INFO]: [SpigotLibraryLoader] [ItemEdit] Loaded library /workspaces/mc/servidor_minecraft/libraries/net/kyori/option/1.1.0/option-1.1.0.jar
[17:07:40] [Server thread/INFO]: [SpigotLibraryLoader] [ItemEdit] Loaded library /workspaces/mc/servidor_minecraft/libraries/org/jspecify/jspecify/1.0.0/jspecify-1.0.0.jar
[17:07:40] [Server thread/INFO]: [SpigotLibraryLoader] [ItemEdit] Loaded library /workspaces/mc/servidor_minecraft/libraries/com/google/code/gson/gson/2.8.0/gson-2.8.0.jar
[17:07:40] [Server thread/INFO]: [SpigotLibraryLoader] [ItemEdit] Loaded library /workspaces/mc/servidor_minecraft/libraries/com/google/auto/service/auto-service-annotations/1.1.1/auto-service-annotations-1.1.1.jar
[17:07:40] [Server thread/INFO]: [SpigotLibraryLoader] [ItemEdit] Loaded library /workspaces/mc/servidor_minecraft/libraries/net/kyori/adventure-text-serializer-commons/4.20.0/adventure-text-serializer-commons-4.20.0.jar
[17:07:40] [Server thread/INFO]: [SpigotLibraryLoader] [ItemEdit] Loaded library /workspaces/mc/servidor_minecraft/libraries/net/kyori/adventure-text-serializer-legacy/4.20.0/adventure-text-serializer-legacy-4.20.0.jar
[17:07:40] [Server thread/INFO]: [ViaVersion] Loading server plugin ViaVersion v5.5.1
[17:07:40] [Server thread/INFO]: [ViaVersion] ViaVersion 5.5.1 is now loaded. Registering protocol transformers and injecting...
[17:07:41] [Via-Mappingloader-0/INFO]: [ViaVersion] Loading block connection mappings ...
[17:07:41] [Via-Mappingloader-0/INFO]: [ViaVersion] Using FastUtil Long2ObjectOpenHashMap for block connections
[17:07:41] [Server thread/INFO]: [ViaBackwards] Loading translations...
[17:07:42] [Server thread/INFO]: [ViaBackwards] Registering protocols...
[17:07:42] [Server thread/INFO]: [ViaBackwards] Loading server plugin ViaBackwards v5.5.1
[17:07:42] [Server thread/INFO]: [OpenInv] Loading server plugin OpenInv v5.1.15
[17:07:42] [Server thread/INFO]: [ItemEdit] Loading server plugin ItemEdit v3.7.4
[17:07:42] [Server thread/INFO]: [LoginSecurity] Loading server plugin LoginSecurity v3.3.0
[17:07:42] [Server thread/INFO]: [SkinsRestorer] Loading server plugin SkinsRestorer v15.8.2
[17:07:42] [Server thread/INFO]: Server permissions file permissions.yml is empty, ignoring it
[17:07:42] [Server thread/INFO]: [SkinsRestorer] Enabling SkinsRestorer v15.8.2
[17:07:43] [Server thread/INFO]: [SkinsRestorer] Running on Minecraft 1.21.8.
[17:07:44] [Server thread/INFO]: [SkinsRestorer] Using paper join listener!
[17:07:44] [Server thread/WARN]: **** SERVER IS RUNNING IN OFFLINE/INSECURE MODE!
[17:07:44] [Server thread/WARN]: The server will make no attempt to authenticate usernames. Beware.
[17:07:44] [Server thread/WARN]: While this makes the game possible to play without internet access, it also opens up the ability for hackers to connect with any username they choose.
[17:07:44] [Server thread/WARN]: To change this, set "online-mode" to "true" in the server.properties file.
[17:07:44] [Server thread/INFO]: Preparing level "world"
[17:07:44] [Folia Async Scheduler Thread #1/INFO]: [SkinsRestorer] ----------------------------------------------
[17:07:44] [Folia Async Scheduler Thread #1/INFO]: [SkinsRestorer]     +==================+
[17:07:44] [Folia Async Scheduler Thread #1/INFO]: [SkinsRestorer]     |   SkinsRestorer  |
[17:07:44] [Folia Async Scheduler Thread #1/INFO]: [SkinsRestorer]     |------------------|
[17:07:44] [Folia Async Scheduler Thread #1/INFO]: [SkinsRestorer]     |  Standalone Mode |
[17:07:44] [Folia Async Scheduler Thread #1/INFO]: [SkinsRestorer]     +==================+
[17:07:44] [Folia Async Scheduler Thread #1/INFO]: [SkinsRestorer] ----------------------------------------------
[17:07:44] [Folia Async Scheduler Thread #1/INFO]: [SkinsRestorer]     Version: 15.8.2
[17:07:44] [Folia Async Scheduler Thread #1/INFO]: [SkinsRestorer]     Commit: cf773a3
[17:07:44] [Folia Async Scheduler Thread #1/INFO]: [SkinsRestorer]     This is the latest version!
[17:07:44] [Folia Async Scheduler Thread #1/INFO]: [SkinsRestorer] ----------------------------------------------
[17:07:44] [Folia Async Scheduler Thread #1/INFO]: [SkinsRestorer] Do you have issues? Read our troubleshooting guide: https://skinsrestorer.net/docs/troubleshooting
[17:07:44] [Folia Async Scheduler Thread #1/INFO]: [SkinsRestorer] Want to support SkinsRestorer? Consider donating: https://skinsrestorer.net/donate
[17:07:44] [Server thread/INFO]: Preparing start region for dimension minecraft:overworld
[17:07:45] [Server thread/INFO]: Preparing spawn area: 0%
[17:07:45] [Server thread/INFO]: Preparing spawn area: 10%
[17:07:46] [Server thread/INFO]: Preparing spawn area: 40%
[17:07:46] [Server thread/INFO]: Time elapsed: 1386 ms
[17:07:46] [Server thread/INFO]: Preparing start region for dimension minecraft:the_nether
[17:07:46] [Server thread/INFO]: Preparing spawn area: 0%
[17:07:46] [Server thread/INFO]: Time elapsed: 497 ms
[17:07:46] [Server thread/INFO]: Preparing start region for dimension minecraft:the_end
[17:07:46] [Server thread/INFO]: Preparing spawn area: 0%
[17:07:46] [Server thread/INFO]: Time elapsed: 173 ms
[17:07:46] [Server thread/INFO]: [ViaVersion] Enabling ViaVersion v5.5.1
[17:07:46] [Server thread/INFO]: [ViaVersion] ViaVersion detected server version: 1.21.7-1.21.8 (772)
[17:07:46] [Server thread/INFO]: [ViaBackwards] Enabling ViaBackwards v5.5.1
[17:07:46] [Server thread/INFO]: [OpenInv] Enabling OpenInv v5.1.15
[17:07:47] [Server thread/INFO]: [ItemEdit] Enabling ItemEdit v3.7.4
[17:07:47] [Server thread/INFO]: [ItemEdit] Hooking into MiniMessageAPI see https://webui.advntr.dev/
[17:07:47] [Server thread/INFO]: [ItemEdit] Selected Storage Type: YAML
[17:07:47] [Server thread/INFO]: [ItemEdit] Unable to hook into Vault
[17:07:47] [Server thread/INFO]: [ItemEdit] # Enabled (took 294 ms)
[17:07:47] [Server thread/INFO]: [LoginSecurity] Enabling LoginSecurity v3.3.0
[17:07:47] [Server thread/INFO]: [LoginSecurity] Loading base translations from "en_us"
[17:07:47] [Server thread/INFO]: [LoginSecurity] Loading specified translations from "en_us"
[17:07:47] [Server thread/INFO]: [LoginSecurity] Registering commands...
[17:07:47] [Server thread/INFO]: [LoginSecurity] Registering listeners...
[17:07:47] [Server thread/INFO]: [LoginSecurity] Using 1.12+ map captcha renderer
[17:07:47] [Server thread/INFO]: [spark] Starting background profiler...
[17:07:48] [Server thread/INFO]: Done preparing level "world" (4.025s)
[17:07:48] [Server thread/INFO]: Running delayed init tasks
[17:07:48] [Server thread/INFO]: Done (19.957s)! For help, type "help"
[17:07:48] [Craft Scheduler Thread - 2 - ViaVersion/INFO]: [ViaVersion] Finished mapping loading, shutting down loader executor.
[17:11:31] [User Authenticator #0/INFO]: UUID of player Not_Unfsiae is 10e07846-5855-337b-8e82-8e8923e7f660
[17:11:31] [Server thread/INFO]: [HorriblePlayerLoginEventHack] You have plugins listening to the PlayerLoginEvent, this will cause re-configuration APIs to be unavailable: [LoginSecurity]
[17:11:33] [Server thread/INFO]: [Realm of Tripoli] Not_Unfsiae joined the game
[17:11:34] [Server thread/INFO]: Not_Unfsiae[/127.86.216.191:54699] logged in with entity id 99 at ([world]137.34059624329745, -37.0, 178.64040611807977)
[17:11:47] [Server thread/INFO]: [Not Secure] [Server] a que nombre le cambias
[17:11:54] [Async Chat Thread - #1/INFO]: [Not Secure] <Not_Unfsiae> Souls
[17:11:59] [Async Chat Thread - #1/INFO]: [Not Secure] <Not_Unfsiae> Realm of Souls
[17:12:32] [Server thread/INFO]: [Not Secure] [Server] okey
[17:12:39] [Server thread/INFO]: [Not Secure] [Server] aguanta deja em conecto
[17:13:32] [Server thread/INFO]: [Not Secure] [Server] mismo color?
[17:13:43] [Async Chat Thread - #1/INFO]: [Not Secure] <Not_Unfsiae> no
[17:13:45] [Async Chat Thread - #1/INFO]: [Not Secure] <Not_Unfsiae> Morado
[17:16:19] [User Authenticator #1/INFO]: UUID of player Xautral is 86f4fd4a-173d-3e06-a1bf-669194d778d7
[17:16:21] [Server thread/INFO]: Xautral joined the game
[17:16:21] [Server thread/INFO]: Xautral[/127.64.171.42:57437] logged in with entity id 855 at ([world]306.5377858512688, 69.0, 888.9805088511285)
[17:16:25] [Server thread/WARN]: [ca.spottedleaf.moonrise.patches.chunk_system.level.entity.EntityLookup] Entity uuid already exists: eeeea259-86c4-47d7-84e3-b28a77f80683, mapped to Spider['Spider'/978, uuid='eeeea259-86c4-47d7-84e3-b28a77f80683', l='ServerLevel[world]', x=375.67, y=85.00, z=734.49, cpos=[23, 45], tl=0, v=true], can't add Spider['Spider'/983, uuid='eeeea259-86c4-47d7-84e3-b28a77f80683', l='ServerLevel[world]', x=360.46, y=85.00, z=719.10, cpos=[22, 44], tl=0, v=false]
[17:16:34] [Async Chat Thread - #3/INFO]: [Not Secure] <Xautral> estas todo puto wey
[17:16:40] [Server thread/INFO]: Xautral issued server command: /team remove Kingofnetherite
[17:16:40] [Server thread/INFO]: [Xautral: Removed team [King of Netherite]]
[17:16:40] [Async Chat Thread - #3/INFO]: [Not Secure] <Not_Unfsiae> :V
[17:16:42] [Async Chat Thread - #3/INFO]: [Not Secure] <Not_Unfsiae> como asi w
[17:16:45] [Server thread/INFO]: Xautral issued server command: /team remove volcan
[17:16:45] [Server thread/INFO]: [Xautral: Removed team [Volcan]]
[17:16:48] [Server thread/INFO]: Xautral issued server command: /team remove Tripoli
[17:16:48] [Server thread/INFO]: [Xautral: Removed team [Tripoli]]
[17:16:53] [Server thread/INFO]: Xautral issued server command: /team remove Sombra
[17:16:53] [Server thread/INFO]: [Xautral: Removed team [Sombra]]
[17:17:01] [Server thread/INFO]: Xautral issued server command: /team remove Kuromi
[17:17:01] [Server thread/INFO]: [Xautral: Removed team [Kuromi]]
[17:17:05] [Server thread/INFO]: Xautral issued server command: /team remove Renacimiento
[17:17:05] [Server thread/INFO]: [Xautral: Removed team [Renacimiento]]
[17:17:18] [Server thread/INFO]: Xautral issued server command: /team add Souls {"text":"Souls","color":"dark_purple"}
[17:17:18] [Server thread/INFO]: [Xautral: Created team [Souls]]
[17:17:39] [Server thread/INFO]: Xautral issued server command: /team modify Souls prefix {"text":"[Realm of Souls] ","color":"dark_purple"}
[17:17:40] [Async Chat Thread - #3/INFO]: [Not Secure] <Xautral> oye
[17:17:42] [Async Chat Thread - #3/INFO]: [Not Secure] <Not_Unfsiae> dime
[17:17:44] [Server thread/INFO]: Xautral issued server command: /team join Souls Not_Unfsiae
[17:17:44] [Server thread/INFO]: [Xautral: Added [Realm of Souls] Not_Unfsiae to team [Souls]]
[17:17:53] [Async Chat Thread - #3/INFO]: [Not Secure] <Xautral> te recomiendo hacer una tienda
[17:17:54] [Server thread/INFO]: Xautral issued server command: /tp Not_Unfsiae
[17:17:54] [Server thread/INFO]: [Xautral: Teleported Xautral to [Realm of Souls] Not_Unfsiae]
[17:18:01] [Async Chat Thread - #3/INFO]: [Not Secure] <Xautral> así te haces rico
[17:18:02] [Async Chat Thread - #3/INFO]: [Not Secure] <Not_Unfsiae> es que eso voy a hacer xd
[17:18:07] [Async Chat Thread - #3/INFO]: [Not Secure] <Not_Unfsiae> mi clan es comercial
[17:18:08] [Async Chat Thread - #3/INFO]: [Not Secure] <Not_Unfsiae> checa
[17:18:09] [Async Chat Thread - #3/INFO]: [Not Secure] <Xautral> pues que puto
[17:18:09] [Async Chat Thread - #3/INFO]: [Not Secure] <Not_Unfsiae> ven
[17:18:11] [Server thread/INFO]: [Xautral: Set own game mode to Creative Mode]
[17:18:21] [Async Chat Thread - #3/INFO]: [Not Secure] <Xautral> ya
[17:18:33] [Async Chat Thread - #3/INFO]: [Not Secure] <Xautral> y la moneda cual será
[17:18:41] [Async Chat Thread - #4/INFO]: [Not Secure] <Not_Unfsiae> pues
[17:18:49] [Async Chat Thread - #4/INFO]: [Not Secure] <Not_Unfsiae> puede ser cualquier item o hay limites?
[17:19:14] [Async Chat Thread - #4/INFO]: [Not Secure] <Xautral> cualquiera
[17:19:23] [Async Chat Thread - #4/INFO]: [Not Secure] <Xautral> que nossean bloques de comandos, bedrock, barriers
[17:19:40] [Async Chat Thread - #4/INFO]: [Not Secure] <Not_Unfsiae> pero toda la economia mia sera de eso o nah?
[17:20:45] [Async Chat Thread - #5/INFO]: [Not Secure] <Xautral> no
[17:20:45] [Async Chat Thread - #5/INFO]: [Not Secure] <Not_Unfsiae> osea, como seria, hay que crear una moneda o recibo materiales a cambio de las cosas que vendo?
[17:20:53] [Async Chat Thread - #5/INFO]: [Not Secure] <Xautral> es opcional la moneda
[17:21:03] [Async Chat Thread - #5/INFO]: [Not Secure] <Not_Unfsiae> lo puse asi pal color y todo eso xd
[17:21:04] [Server thread/INFO]: Xautral issued server command: /ie rename &5&lSoul
[17:21:11] [Async Chat Thread - #5/INFO]: [Not Secure] <Xautral> ahí ta
[17:21:14] [Async Chat Thread - #5/INFO]: [Not Secure] <Not_Unfsiae> claro
[17:21:16] [Async Chat Thread - #5/INFO]: [Not Secure] <Xautral> todos serán así?
[17:21:19] [Async Chat Thread - #5/INFO]: [Not Secure] <Not_Unfsiae> sipirili
[17:21:22] [Server thread/INFO]: Xautral issued server command: /inv n
[17:21:31] [Async Chat Thread - #5/INFO]: [Not Secure] <Xautral> como que sipirili pendejo
[17:21:39] [Server thread/INFO]: Xautral issued server command: /oe Not_Unfsiae
[17:22:10] [Async Chat Thread - #5/INFO]: [Not Secure] <Not_Unfsiae> hmmm se lo pondria a la bola esa que tienen los cofres del tesoro la verdad
[17:22:15] [Async Chat Thread - #5/INFO]: [Not Secure] <Xautral> que
[17:22:21] [Async Chat Thread - #5/INFO]: [Not Secure] <Not_Unfsiae> al nombre pue XD
[17:22:27] [Async Chat Thread - #5/INFO]: [Not Secure] <Xautral> corazone del mar?
[17:22:28] [Async Chat Thread - #5/INFO]: [Not Secure] <Xautral> para que
[17:22:29] [Async Chat Thread - #5/INFO]: [Not Secure] <Not_Unfsiae> si
[17:22:34] [Async Chat Thread - #5/INFO]: [Not Secure] <Not_Unfsiae> nomas porque se ve bien la velda
[17:22:35] [Async Chat Thread - #5/INFO]: [Not Secure] <Xautral> en que te ayud
[17:22:36] [Async Chat Thread - #5/INFO]: [Not Secure] <Xautral> okey
[17:22:42] [Async Chat Thread - #5/INFO]: [Not Secure] <Xautral> anunciat een #recursos
[17:22:46] [Async Chat Thread - #5/INFO]: [Not Secure] <Xautral> y pon tu tienda en otro lugar
[17:22:54] [Async Chat Thread - #5/INFO]: [Not Secure] <Not_Unfsiae> la tienda no se puede raidear o si?
[17:22:57] [Async Chat Thread - #5/INFO]: [Not Secure] <Xautral> si
[17:22:58] [Async Chat Thread - #5/INFO]: [Not Secure] <Xautral> si se puede
[17:23:02] [Async Chat Thread - #5/INFO]: [Not Secure] <Xautral> pero como en latam
[17:23:05] [Async Chat Thread - #5/INFO]: [Not Secure] <Xautral> madreate al que te robe
[17:23:09] [Async Chat Thread - #5/INFO]: [Not Secure] <Not_Unfsiae> xd esta bien
[17:23:09] [Async Chat Thread - #5/INFO]: [Not Secure] <Xautral> y anuncia al que te robó
[17:23:16] [Async Chat Thread - #5/INFO]: [Not Secure] <Xautral> linchalo
[17:23:18] [Async Chat Thread - #5/INFO]: [Not Secure] <Xautral> encueralo
[17:23:22] [Async Chat Thread - #5/INFO]: [Not Secure] <Xautral> y metanle un pal
[17:23:24] [Async Chat Thread - #5/INFO]: [Not Secure] <Not_Unfsiae> y le meto una escoba en el culo
[17:23:25] [Async Chat Thread - #5/INFO]: [Not Secure] <Xautral> mientras lo queman
[17:23:48] [Server thread/INFO]: Xautral issued server command: /effect clear Xautral minecraft:night_vision
[17:23:48] [Server thread/INFO]: [Xautral: Removed effect Night Vision from Xautral]
[17:24:03] [Async Chat Thread - #5/INFO]: [Not Secure] <Xautral> sorry
[17:24:05] [Async Chat Thread - #5/INFO]: [Not Secure] <Xautral> lo hice para joder
[17:24:25] [Server thread/INFO]: Xautral issued server command: /effect give @e[type=wolf] minecraft:health_boost infinite 45 true
[17:24:25] [Server thread/INFO]: [Xautral: Applied effect Health Boost to 15 targets]
[17:24:32] [Server thread/INFO]: Xautral issued server command: /effect give @e[type=wolf] minecraft:instant_health 25565 25 false
[17:24:32] [Server thread/INFO]: [Xautral: Applied effect Instant Health to 17 targets]
[17:24:40] [Async Chat Thread - #5/INFO]: [Not Secure] <Not_Unfsiae> por cierto
[17:24:43] [Async Chat Thread - #5/INFO]: [Not Secure] <Xautral> que
[17:24:44] [Async Chat Thread - #5/INFO]: [Not Secure] <Not_Unfsiae> tengo una estrella del wither :V
[17:24:49] [Async Chat Thread - #5/INFO]: [Not Secure] <Xautral> ya me di cuenta
[17:24:52] [Async Chat Thread - #6/INFO]: [Not Secure] <Not_Unfsiae> xd
[17:24:56] [Async Chat Thread - #6/INFO]: [Not Secure] <Xautral> wey
[17:25:00] [Async Chat Thread - #6/INFO]: [Not Secure] <Xautral> imaginate en un pevepé
[17:25:00] [Async Chat Thread - #6/INFO]: [Not Secure] <Not_Unfsiae> ?
[17:25:06] [Async Chat Thread - #6/INFO]: [Not Secure] <Xautral> todos esos pinches lobos madreandose
[17:25:11] [Async Chat Thread - #6/INFO]: [Not Secure] <Not_Unfsiae> esa es la tech
[17:25:16] [Server thread/INFO]: Xautral issued server command: /effect give @e[type=wolf] minecraft:resistance infinite 2 true
[17:25:16] [Server thread/INFO]: [Xautral: Applied effect Resistance to 17 targets]
[17:25:18] [Async Chat Thread - #6/INFO]: [Not Secure] <Not_Unfsiae> lobos con resistencia al fuego e invisibilidad
[17:25:22] [User Authenticator #2/INFO]: UUID of player Ianzxz1133 is c8b0a4ae-d126-32e7-b931-fe9c32198177
[17:25:25] [Server thread/INFO]: Xautral issued server command: /effect give @e[type=wolf] minecraft:strength infinite 2 true
[17:25:25] [Server thread/INFO]: [Xautral: Applied effect Strength to 17 targets]
[17:25:26] [Server thread/INFO]: Ianzxz1133 joined the game
[17:25:26] [Server thread/INFO]: Ianzxz1133[/127.87.135.141:42315] logged in with entity id 1819 at ([world]-226.5, 63.0, -197.5)
[17:25:28] [Async Chat Thread - #6/INFO]: [Not Secure] <Xautral> pero el collar se les vpe
[17:25:30] [Async Chat Thread - #6/INFO]: [Not Secure] <Xautral> hola Ianzxz1133
[17:25:34] [Async Chat Thread - #6/INFO]: [Not Secure] <Xautral> gabrimeme se fue con otro
[17:25:38] [Async Chat Thread - #6/INFO]: [Not Secure] <Xautral> hacer o unirte?
[17:25:39] [Server thread/INFO]: Xautral issued server command: /tp Ianzxz1133
[17:25:39] [Server thread/INFO]: [Xautral: Teleported Xautral to Ianzxz1133]
[17:25:41] [Async Chat Thread - #6/INFO]: [Not Secure] <Not_Unfsiae> shh, es una tecnica util para gente principiante
[17:25:55] [Server thread/INFO]: Ianzxz1133 lost connection: Disconnected
[17:25:55] [Server thread/INFO]: Ianzxz1133 left the game
[17:25:58] [Async Chat Thread - #6/INFO]: [Not Secure] <Xautral> que pendejo
[17:26:22] [Server thread/INFO]: Xautral issued server command: /tp Not_Unfsiae
[17:26:22] [Server thread/INFO]: [Xautral: Teleported Xautral to [Realm of Souls] Not_Unfsiae]
[17:26:25] [Async Chat Thread - #6/INFO]: [Not Secure] <Xautral> haber
[17:26:30] [Async Chat Thread - #6/INFO]: [Not Secure] <Xautral> intentaré pelear
[17:26:33] [Async Chat Thread - #6/INFO]: [Not Secure] <Xautral> bueno
[17:26:35] [Async Chat Thread - #6/INFO]: [Not Secure] <Xautral> sobrevivir
[17:26:37] [Async Chat Thread - #6/INFO]: [Not Secure] <Xautral> no los voy a atacar
[17:26:44] [Server thread/INFO]: Xautral issued server command: /effect clear Xautral minecraft:resistance
[17:26:44] [Server thread/INFO]: [Xautral: Removed effect Resistance from Xautral]
[17:26:45] [Async Chat Thread - #6/INFO]: [Not Secure] <Not_Unfsiae> no son mios la velda
[17:26:47] [Async Chat Thread - #6/INFO]: [Not Secure] <Not_Unfsiae> son de Nekosams
[17:26:48] [Server thread/INFO]: Xautral has completed the challenge [Cover Me in Debris]
[17:26:55] [Async Chat Thread - #6/INFO]: [Not Secure] <Xautral> pues puto
[17:26:56] [Server thread/INFO]: [Xautral: Set own game mode to Survival Mode]
[17:27:02] [Async Chat Thread - #6/INFO]: [Not Secure] <Xautral> a
[17:27:06] [Async Chat Thread - #6/INFO]: [Not Secure] <Xautral> hijo de la verga
[17:27:12] [Async Chat Thread - #6/INFO]: [Not Secure] <Xautral> pa que los curas
[17:27:12] [User Authenticator #3/INFO]: UUID of player Ianzxz1132 is 8306c962-e225-3f77-b013-5b85aad2395e
[17:27:14] [Async Chat Thread - #6/INFO]: [Not Secure] <Xautral> tienen vida infinita
[17:27:15] [Async Chat Thread - #6/INFO]: [Not Secure] <Xautral> por 2 horas
[17:27:17] [Server thread/INFO]: Ianzxz1132 joined the game
[17:27:17] [Server thread/INFO]: Ianzxz1132[/127.87.135.141:38349] logged in with entity id 2199 at ([world]1065.4453652150135, 88.0, 58.69999998807907)
[17:27:20] [Server thread/INFO]: Xautral issued server command: /tp Ianzxz1132
[17:27:20] [Server thread/INFO]: [Xautral: Teleported Xautral to Ianzxz1132]
[17:27:20] [Server thread/INFO]: [Xautral: Set own game mode to Creative Mode]
[17:27:21] [Async Chat Thread - #6/INFO]: [Not Secure] <Not_Unfsiae> :V como asi
[17:27:23] [Server thread/INFO]: [Xautral: Set own game mode to Survival Mode]
[17:27:24] [Async Chat Thread - #6/INFO]: [Not Secure] <Xautral> los curé
[17:27:29] [Async Chat Thread - #6/INFO]: [Not Secure] <Not_Unfsiae> ah xd
[17:27:35] [Async Chat Thread - #6/INFO]: [Not Secure] <Xautral> eyo wtf
[17:27:35] [Server thread/INFO]: [Xautral: Set own game mode to Creative Mode]
[17:27:44] [Server thread/INFO]: Ianzxz1132 has made the advancement [Not Today, Thank You]
[17:27:58] [Async Chat Thread - #6/INFO]: [Not Secure] <Xautral> a ya
[17:28:02] [Async Chat Thread - #5/INFO]: [Not Secure] <Xautral> e we
[17:28:02] [Async Chat Thread - #5/INFO]: [Not Secure] <Xautral> Ianzxz1132
[17:28:04] [Async Chat Thread - #5/INFO]: [Not Secure] <Xautral> hacer o unirte?
[17:28:07] [Server thread/INFO]: Xautral issued server command: /team list Souls
[17:28:35] [Async Chat Thread - #5/INFO]: [Not Secure] <Not_Unfsiae> Xautral, dices que mi espada es decente?
[17:28:39] [Server thread/INFO]: Xautral issued server command: /inv Not_Unfsiae
[17:28:44] [Async Chat Thread - #5/INFO]: [Not Secure] <Xautral> está toda naca
[17:28:49] [Async Chat Thread - #5/INFO]: [Not Secure] <Not_Unfsiae> :sob:
[17:28:52] [Async Chat Thread - #5/INFO]: [Not Secure] <Ianzxz1132> e?
[17:28:53] [Async Chat Thread - #5/INFO]: [Not Secure] <Xautral> le falta aspecto ápneo 2
[17:28:59] [Async Chat Thread - #5/INFO]: [Not Secure] <Not_Unfsiae> apneo jejeje
[17:29:02] [Async Chat Thread - #5/INFO]: [Not Secure] <Xautral> si existe
[17:29:05] [Async Chat Thread - #5/INFO]: [Not Secure] <Xautral> ose ya tiene igneo
[17:29:11] [Async Chat Thread - #5/INFO]: [Not Secure] <Ianzxz1132> bueno mi gebte
[17:29:32] [Async Chat Thread - #5/INFO]: [Not Secure] <Ianzxz1132> hacer we
[17:30:10] [Async Chat Thread - #5/INFO]: [Not Secure] <Xautral> nombre
[17:30:11] [Async Chat Thread - #5/INFO]: [Not Secure] <Xautral> colro y rango
[17:30:14] [Server thread/INFO]: [Xautral: Set own game mode to Spectator Mode]
[17:30:15] [Server thread/INFO]: Xautral issued server command: /time set 0t
[17:30:15] [Server thread/INFO]: [Xautral: Set the time to 0]
[17:30:15] [Server thread/INFO]: [Xautral: Set own game mode to Creative Mode]
[17:30:27] [Server thread/INFO]: [Xautral: Set own game mode to Survival Mode]
[17:30:30] [Server thread/INFO]: [Xautral: Set own game mode to Creative Mode]
[17:30:35] [Async Chat Thread - #5/INFO]: [Not Secure] <Ianzxz1132> nombre M.T.C
[17:30:36] [Async Chat Thread - #5/INFO]: [Not Secure] <Xautral> Not_Unfsiae
[17:30:38] [Async Chat Thread - #5/INFO]: [Not Secure] <Xautral> Ianzxz1132
[17:30:39] [Async Chat Thread - #5/INFO]: [Not Secure] <Not_Unfsiae> dime
[17:30:39] [Async Chat Thread - #5/INFO]: [Not Secure] <Xautral> mas decente
[17:30:46] [Async Chat Thread - #5/INFO]: [Not Secure] <Xautral> Not_Unfsiae en que idioma tienes el MC?
[17:30:55] [Async Chat Thread - #5/INFO]: [Not Secure] <Not_Unfsiae> español españa :V
[17:30:57] [Async Chat Thread - #5/INFO]: [Not Secure] <Not_Unfsiae> no lo he cambiado
[17:31:00] [Async Chat Thread - #5/INFO]: [Not Secure] <Ianzxz1132> yo en espñol espñ
[17:31:02] [Async Chat Thread - #5/INFO]: [Not Secure] <Not_Unfsiae> sino lo tendria en ingles
[17:31:06] [Async Chat Thread - #5/INFO]: [Not Secure] <Xautral> haber busca Aspecto Apne
[17:31:07] [Async Chat Thread - #5/INFO]: [Not Secure] <Xautral> haber busca Aspecto Apnea
[17:31:14] [Server thread/INFO]: Xautral issued server command: /ie hideall
[17:31:16] [Async Chat Thread - #5/INFO]: [Not Secure] <Not_Unfsiae> no estoy en creativo w
[17:31:22] [Server thread/INFO]: Xautral issued server command: /ie hide stored_enchants
[17:31:26] [Async Chat Thread - #5/INFO]: [Not Secure] <Ianzxz1132> e we
[17:31:33] [Async Chat Thread - #5/INFO]: [Not Secure] <Xautral> haber deja te lo paso
[17:31:34] [Async Chat Thread - #5/INFO]: [Not Secure] <Xautral> que Ianzxz1132
[17:31:48] [Async Chat Thread - #5/INFO]: [Not Secure] <Ianzxz1132> me tepeas a un lugar random xfa
[17:31:52] [Async Chat Thread - #5/INFO]: [Not Secure] <Xautral> ya voy
[17:31:56] [Server thread/INFO]: Xautral issued server command: /ie hide stored_enchants
[17:32:02] [Server thread/INFO]: Xautral issued server command: /ie lore add &7Aspecto Apnea
[17:32:07] [Server thread/INFO]: Xautral issued server command: /ie lore add &7Aspecto Apnea V
[17:32:12] [Server thread/INFO]: Xautral issued server command: /ie lore remove 1
[17:32:14] [Async Chat Thread - #5/INFO]: [Not Secure] <Xautral> mira
[17:32:16] [Server thread/INFO]: Xautral issued server command: /tp Not_Unfsiae}
[17:32:18] [Server thread/INFO]: Xautral issued server command: /tp Not_Unfsiae
[17:32:18] [Server thread/INFO]: [Xautral: Teleported Xautral to [Realm of Souls] Not_Unfsiae]
[17:32:24] [Async Chat Thread - #5/INFO]: [Not Secure] <Xautral> toma
[17:32:27] [Server thread/INFO]: Xautral issued server command: /inv Not_Unfsiae
[17:32:34] [Async Chat Thread - #5/INFO]: [Not Secure] <Ianzxz1132> ?
[17:32:34] [Async Chat Thread - #5/INFO]: [Not Secure] <Not_Unfsiae> ostras
[17:32:37] [Async Chat Thread - #5/INFO]: [Not Secure] <Not_Unfsiae> y esa vaina
[17:32:40] [Async Chat Thread - #5/INFO]: [Not Secure] <Xautral> si existe wey
[17:32:42] [Async Chat Thread - #5/INFO]: [Not Secure] <Xautral> la agregaron al juego
[17:32:43] [Async Chat Thread - #5/INFO]: [Not Secure] <Not_Unfsiae> que hace eso w
[17:32:52] [Async Chat Thread - #5/INFO]: [Not Secure] <Xautral> hace el doble de daño a mobs del agua
[17:32:58] [Async Chat Thread - #5/INFO]: [Not Secure] <Not_Unfsiae> doble?
[17:33:00] [Async Chat Thread - #5/INFO]: [Not Secure] <Xautral> si
[17:33:09] [Server thread/INFO]: Xautral issued server command: /locate biome minecraft:wooded_badlands
[17:33:11] [Async Chat Thread - #5/INFO]: [Not Secure] <Not_Unfsiae> y porque no el quintuple?
[17:33:13] [Server thread/INFO]: Locating element minecraft:wooded_badlands took 4408 ms
[17:33:13] [Server thread/WARN]: Can't keep up! Is the server overloaded? Running 4389ms or 87 ticks behind
[17:33:13] [Server thread/WARN]: Ianzxz1132 moved too quickly! -9.245300222629794,0.9986640208878583,3.9227887653839275
[17:33:13] [Server thread/WARN]: Xautral moved too quickly! 11.562620436929933,5.072673110029278,4.6300039243991336
[17:33:17] [Async Chat Thread - #5/INFO]: [Not Secure] <Xautral> nose wey
[17:33:21] [Async Chat Thread - #5/INFO]: [Not Secure] <Xautral> no trabajo en mojang
[17:33:21] [Async Chat Thread - #5/INFO]: [Not Secure] <Xautral> :
[17:33:22] [Async Chat Thread - #5/INFO]: [Not Secure] <Ianzxz1132> xdd
[17:33:23] [Server thread/INFO]: Xautral issued server command: /tp @s 2691 -47 -3818
[17:33:23] [Server thread/INFO]: [Xautral: Teleported Xautral to 2691.500000, -47.000000, -3817.500000]
[17:33:24] [Async Chat Thread - #6/INFO]: [Not Secure] <Not_Unfsiae> xd
[17:33:26] [Server thread/INFO]: Xautral issued server command: /tp Ianzxz1132 Xautral
[17:33:26] [Server thread/INFO]: [Xautral: Teleported Ianzxz1132 to Xautral]
[17:33:28] [Server thread/INFO]: [Xautral: Set own game mode to Spectator Mode]
[17:33:35] [Server thread/INFO]: Xautral issued server command: /tp Xautral ~ ~10 ~
[17:33:35] [Server thread/INFO]: [Xautral: Teleported Xautral to 2674.668751, -10.180668, -3810.655951]
[17:33:35] [Async Chat Thread - #5/INFO]: [Not Secure] <Ianzxz1132> grax we
[17:33:35] [Server thread/INFO]: Xautral issued server command: /tp Xautral ~ ~10 ~
[17:33:35] [Server thread/INFO]: [Xautral: Teleported Xautral to 2674.668751, -0.180668, -3810.655951]
[17:33:35] [Server thread/INFO]: Xautral issued server command: /tp Xautral ~ ~10 ~
[17:33:35] [Server thread/INFO]: [Xautral: Teleported Xautral to 2674.668751, 9.819332, -3810.655951]
[17:33:36] [Server thread/INFO]: Xautral issued server command: /tp Xautral ~ ~10 ~
[17:33:36] [Server thread/INFO]: [Xautral: Teleported Xautral to 2674.668751, 19.819332, -3810.655951]
[17:33:36] [Server thread/INFO]: Xautral issued server command: /tp Xautral ~ ~10 ~
[17:33:36] [Server thread/INFO]: [Xautral: Teleported Xautral to 2674.668751, 29.819332, -3810.655951]
[17:33:36] [Server thread/INFO]: Xautral issued server command: /tp Xautral ~ ~10 ~
[17:33:36] [Server thread/INFO]: [Xautral: Teleported Xautral to 2674.668751, 39.819332, -3810.655951]
[17:33:36] [Server thread/INFO]: Xautral issued server command: /tp Xautral ~ ~10 ~
[17:33:36] [Server thread/INFO]: [Xautral: Teleported Xautral to 2674.668751, 49.819332, -3810.655951]
[17:33:36] [Server thread/INFO]: Xautral issued server command: /tp Xautral ~ ~10 ~
[17:33:36] [Server thread/INFO]: [Xautral: Teleported Xautral to 2674.668751, 59.819332, -3810.655951]
[17:33:45] [Server thread/INFO]: [Xautral: Set own game mode to Creative Mode]
[17:33:52] [Server thread/INFO]: Xautral issued server command: /tp Ianzxz1132 Xautral
[17:33:52] [Server thread/INFO]: [Xautral: Teleported Ianzxz1132 to Xautral]
[17:33:59] [Server thread/INFO]: Xautral issued server command: /tp Ianzxz1132 Xautral
[17:33:59] [Server thread/INFO]: [Xautral: Teleported Ianzxz1132 to Xautral]
[17:34:03] [Async Chat Thread - #5/INFO]: [Not Secure] <Xautral> ey Ianzxz1132
[17:34:05] [Async Chat Thread - #5/INFO]: [Not Secure] <Xautral> pene
[17:34:10] [Async Chat Thread - #5/INFO]: [Not Secure] <Ianzxz1132> el otro estab bien we
[17:34:16] [Server thread/INFO]: Xautral issued server command: /place structure minecraft:village_desert
[17:34:16] [Server thread/INFO]: [Xautral: Generated structure "minecraft:village_desert" at 2522, 68, -3898]
[17:34:32] [Async Chat Thread - #5/INFO]: [Not Secure] <Ianzxz1132> es bien caca we
[17:34:32] [Async Chat Thread - #5/INFO]: [Not Secure] <Xautral> wtf una casa en el agua
[17:34:39] [Async Chat Thread - #5/INFO]: [Not Secure] <Xautral> EY
[17:34:40] [Async Chat Thread - #5/INFO]: [Not Secure] <Xautral> IAN
[17:34:41] [Async Chat Thread - #5/INFO]: [Not Secure] <Xautral> MIRA ESTO
[17:34:43] [Server thread/INFO]: Xautral issued server command: /tp Ianzxz1132 Xautral
[17:34:43] [Server thread/INFO]: [Xautral: Teleported Ianzxz1132 to Xautral]
[17:34:44] [Async Chat Thread - #5/INFO]: [Not Secure] <Ianzxz1132> kajq
[17:34:47] [Async Chat Thread - #5/INFO]: [Not Secure] <Xautral> EL SIMBOLO NAZI
[17:34:51] [Async Chat Thread - #5/INFO]: [Not Secure] <Xautral> SEIG HEI
[17:34:52] [Async Chat Thread - #5/INFO]: [Not Secure] <Xautral> SEIG HEIL
[17:35:00] [Async Chat Thread - #5/INFO]: [Not Secure] <Ianzxz1132> jajajajj
[17:35:22] [Server thread/WARN]: [ca.spottedleaf.moonrise.patches.chunk_system.level.entity.EntityLookup] Entity uuid already exists: 7d050986-e026-42af-ab65-e696c280b828, mapped to Fox['Fox'/5656, uuid='7d050986-e026-42af-ab65-e696c280b828', l='ServerLevel[world]', x=475.35, y=78.00, z=553.63, cpos=[29, 34], tl=0, v=true], can't add Fox['Fox'/5658, uuid='7d050986-e026-42af-ab65-e696c280b828', l='ServerLevel[world]', x=480.25, y=77.00, z=549.52, cpos=[30, 34], tl=0, v=false]
[17:35:30] [Server thread/WARN]: [ca.spottedleaf.moonrise.patches.chunk_system.level.entity.EntityLookup] Entity uuid already exists: 110ab097-3ea8-4f5c-9f3c-e6fecbd25efb, mapped to Pig['Pig'/5730, uuid='110ab097-3ea8-4f5c-9f3c-e6fecbd25efb', l='ServerLevel[world]', x=478.50, y=83.00, z=588.27, cpos=[29, 36], tl=0, v=true], can't add Pig['Pig'/5748, uuid='110ab097-3ea8-4f5c-9f3c-e6fecbd25efb', l='ServerLevel[world]', x=480.12, y=83.00, z=593.15, cpos=[30, 37], tl=0, v=false]
[17:35:32] [Async Chat Thread - #5/INFO]: [Not Secure] <Xautral> dejala así wey
[17:35:33] [Async Chat Thread - #5/INFO]: [Not Secure] <Xautral> le voy a tomar foto
[17:35:37] [Async Chat Thread - #5/INFO]: [Not Secure] <Xautral> olvidalo
[17:35:40] [Async Chat Thread - #5/INFO]: [Not Secure] <Xautral> ya perdio la gracia
[17:35:43] [Async Chat Thread - #5/INFO]: [Not Secure] <Xautral> calalte alachingada
[17:35:55] [Async Chat Thread - #5/INFO]: [Not Secure] <Not_Unfsiae> eh que fue
[17:35:58] [Server thread/INFO]: Xautral issued server command: /place template minecraft:village/desert/houses/desert_tool_smith_1
[17:35:58] [Server thread/INFO]: [Xautral: Loaded template "minecraft:village/desert/houses/desert_tool_smith_1" at 2493, 64, -3911]
[17:36:05] [Async Chat Thread - #5/INFO]: [Not Secure] <Not_Unfsiae> estaba siguiendo una brujula inmantada y de golpe se desconecto
[17:36:12] [Async Chat Thread - #5/INFO]: [Not Secure] <Xautral> que
[17:36:14] [Server thread/INFO]: Xautral issued server command: /inv Not_Unfsiae
[17:36:17] [Async Chat Thread - #5/INFO]: [Not Secure] <Xautral> si cierto
[17:36:35] [Server thread/INFO]: Xautral issued server command: /place template minecraft:village/desert/houses/desert_weaponsmith_1
[17:36:35] [Server thread/INFO]: [Xautral: Loaded template "minecraft:village/desert/houses/desert_weaponsmith_1" at 2515, 67, -3896]
[17:36:52] [Server thread/INFO]: Xautral issued server command: /effect give @n[type=minecraft:iron_golem] minecraft:speed infinite 3 true
[17:36:52] [Server thread/INFO]: [Xautral: Applied effect Speed to Iron Golem]
[17:37:00] [Server thread/INFO]: Ianzxz1132 was slain by Iron Golem
[17:37:00] [Server thread/INFO]: Xautral issued server command: /effect give @n[type=minecraft:iron_golem] minecraft:instant_health 25 3 true
[17:37:00] [Server thread/INFO]: [Xautral: Applied effect Instant Health to Iron Golem]
[17:37:07] [Server thread/INFO]: Xautral issued server command: /tp @e[type=item] Ianzxz1132
[17:37:07] [Server thread/INFO]: [Xautral: Teleported 193 entities to Ianzxz1132]
[17:37:12] [Server thread/INFO]: Xautral issued server command: /tp Ianzxz1132 Xautral
[17:37:12] [Server thread/INFO]: [Xautral: Teleported Ianzxz1132 to Xautral]
[17:37:12] [Server thread/INFO]: Xautral issued server command: /tp @e[type=item] Ianzxz1132
[17:37:12] [Server thread/INFO]: [Xautral: Teleported 29 entities to Ianzxz1132]
[17:37:12] [Server thread/INFO]: Xautral has made the advancement [Diamonds!]
[17:37:42] [Async Chat Thread - #7/INFO]: [Not Secure] <Xautral> chaqueta
[17:38:00] [Async Chat Thread - #8/INFO]: [Not Secure] <Xautral> que riko
[17:38:02] [Server thread/INFO]: Xautral issued server command: /tp Ianzxz1132
[17:38:02] [Server thread/INFO]: [Xautral: Teleported Xautral to Ianzxz1132]
[17:38:07] [Async Chat Thread - #8/INFO]: [Not Secure] <Xautral> ian hacer o unirte?
[17:38:12] [Async Chat Thread - #8/INFO]: [Not Secure] <Not_Unfsiae> en el nether no se pierden items, no?
[17:38:13] [Async Chat Thread - #8/INFO]: [Not Secure] <Ianzxz1132> hacer coñoo
[17:38:20] [Async Chat Thread - #8/INFO]: [Not Secure] <Xautral> elije un nombre decente
[17:38:21] [Async Chat Thread - #8/INFO]: [Not Secure] <Xautral> coño
[17:38:35] [Async Chat Thread - #8/INFO]: [Not Secure] <Ianzxz1132> el_vergalarga
[17:38:43] [Async Chat Thread - #8/INFO]: [Not Secure] <Not_Unfsiae> en el nether no se pierden items, no?
[17:38:57] [Async Chat Thread - #8/INFO]: [Not Secure] <Xautral> ey coño porque coño dices coño al coño final coño de coño cada coño palabra coño
[17:39:16] [Async Chat Thread - #8/INFO]: [Not Secure] <Ianzxz1132> mira we
[17:39:34] [Async Chat Thread - #8/INFO]: [Not Secure] <Ianzxz1132> esta flotndo y en el gua xd
[17:39:34] [Async Chat Thread - #8/INFO]: [Not Secure] <Xautral> eso no es nada
[17:39:35] [Async Chat Thread - #8/INFO]: [Not Secure] <Xautral> miar
[17:40:11] [Server thread/INFO]: Xautral issued server command: /ie food nutrition 25
[17:40:14] [Server thread/INFO]: Xautral issued server command: /tp Not_Unfsiae
[17:40:14] [Server thread/INFO]: [Xautral: Teleported Xautral to [Realm of Souls] Not_Unfsiae]
[17:40:15] [Async Chat Thread - #8/INFO]: [Not Secure] <Xautral> Not_Unfsiae
[17:40:17] [Async Chat Thread - #8/INFO]: [Not Secure] <Xautral> lo quieres?
[17:40:21] [Async Chat Thread - #8/INFO]: [Not Secure] <Not_Unfsiae> que?
[17:40:29] [Async Chat Thread - #8/INFO]: [Not Secure] <Xautral> sio no
[17:40:30] [Async Chat Thread - #8/INFO]: [Not Secure] <Not_Unfsiae> solo quiero un enderchest
[17:40:33] [Async Chat Thread - #8/INFO]: [Not Secure] <Xautral> si lo quieres?
[17:40:39] [Async Chat Thread - #8/INFO]: [Not Secure] <Not_Unfsiae> vale
[17:40:45] [Async Chat Thread - #8/INFO]: [Not Secure] <Not_Unfsiae> XD
[17:40:46] [Async Chat Thread - #8/INFO]: [Not Secure] <Xautral> ya me lo comí
[17:40:50] [Server thread/INFO]: Xautral issued server command: /tp Ianzxz1132
[17:40:50] [Server thread/INFO]: [Xautral: Teleported Xautral to Ianzxz1132]
[17:40:52] [Async Chat Thread - #8/INFO]: [Not Secure] <Xautral> Ianzxz1132
[17:40:52] [Async Chat Thread - #8/INFO]: [Not Secure] <Not_Unfsiae> te acabas de comer un totem?
[17:40:53] [Async Chat Thread - #8/INFO]: [Not Secure] <Xautral> lo quieres?
[17:41:07] [Async Chat Thread - #8/INFO]: [Not Secure] <Ianzxz1132> arre
[17:41:09] [Server thread/INFO]: Xautral issued server command: /team add Roman {"text":"Roman","color":"yellow"}
[17:41:09] [Server thread/INFO]: [Xautral: Created team [Roman]]
[17:41:13] [Async Chat Thread - #8/INFO]: [Not Secure] <Xautral> ya me lo comi
[17:41:14] [Async Chat Thread - #8/INFO]: [Not Secure] <Ianzxz1132> uf
[17:41:28] [Server thread/INFO]: Xautral issued server command: /team modify Roman prefix {"text":"[Roman Nation] ","color":"yellow"}
[17:41:30] [Server thread/INFO]: Xautral issued server command: /team join Roman Ianzxz1132
[17:41:30] [Server thread/INFO]: [Xautral: Added [Roman Nation] Ianzxz1132 to team [Roman]]
[17:41:53] [Async Chat Thread - #8/INFO]: [Not Secure] <Not_Unfsiae> Xautral
[17:41:56] [Server thread/INFO]: Xautral issued server command: /summon minecraft:villager
[17:41:56] [Server thread/INFO]: [Xautral: Summoned new Villager]
[17:41:56] [Server thread/INFO]: Xautral issued server command: /summon minecraft:villager
[17:41:56] [Server thread/INFO]: [Xautral: Summoned new Villager]
[17:41:56] [Server thread/INFO]: Xautral issued server command: /summon minecraft:villager
[17:41:56] [Server thread/INFO]: [Xautral: Summoned new Villager]
[17:41:56] [Server thread/INFO]: Xautral issued server command: /summon minecraft:villager
[17:41:56] [Server thread/INFO]: [Xautral: Summoned new Villager]
[17:41:57] [Async Chat Thread - #8/INFO]: [Not Secure] <Xautral> que
[17:41:59] [Async Chat Thread - #8/INFO]: [Not Secure] <Not_Unfsiae> en el nether no pierdo items, no?
[17:42:01] [Async Chat Thread - #8/INFO]: [Not Secure] <Xautral> que no wey
[17:42:04] [Async Chat Thread - #8/INFO]: [Not Secure] <Xautral> ya et dije
[17:42:06] [Server thread/INFO]: Xautral issued server command: /summon minecraft:villager
[17:42:06] [Server thread/INFO]: [Xautral: Summoned new Villager]
[17:42:06] [Server thread/INFO]: Xautral issued server command: /summon minecraft:villager
[17:42:06] [Server thread/INFO]: [Xautral: Summoned new Villager]
[17:42:06] [Server thread/INFO]: Xautral issued server command: /summon minecraft:villager
[17:42:06] [Server thread/INFO]: [Xautral: Summoned new Villager]
[17:42:06] [Server thread/INFO]: Xautral issued server command: /summon minecraft:villager
[17:42:06] [Server thread/INFO]: [Xautral: Summoned new Villager]
[17:42:06] [Server thread/INFO]: Xautral issued server command: /summon minecraft:villager
[17:42:06] [Server thread/INFO]: [Xautral: Summoned new Villager]
[17:42:06] [Server thread/INFO]: Xautral issued server command: /summon minecraft:villager
[17:42:06] [Server thread/INFO]: [Xautral: Summoned new Villager]
[17:42:07] [Server thread/INFO]: Xautral issued server command: /summon minecraft:villager
[17:42:07] [Server thread/INFO]: [Xautral: Summoned new Villager]
[17:42:07] [Server thread/INFO]: Xautral issued server command: /summon minecraft:villager
[17:42:07] [Server thread/INFO]: [Xautral: Summoned new Villager]
[17:42:07] [Server thread/INFO]: Xautral issued server command: /summon minecraft:villager
[17:42:07] [Server thread/INFO]: [Xautral: Summoned new Villager]
[17:42:07] [Server thread/INFO]: Xautral issued server command: /summon minecraft:villager
[17:42:07] [Server thread/INFO]: [Xautral: Summoned new Villager]
[17:42:08] [Server thread/INFO]: Xautral issued server command: /summon minecraft:villager
[17:42:08] [Server thread/INFO]: [Xautral: Summoned new Villager]
[17:42:08] [Server thread/INFO]: Xautral issued server command: /summon minecraft:villager
[17:42:08] [Server thread/INFO]: [Xautral: Summoned new Villager]
[17:42:12] [Async Chat Thread - #7/INFO]: [Not Secure] <Not_Unfsiae> porque me olvide las esmeraldas
[17:42:13] [Server thread/INFO]: Xautral issued server command: /summon minecraft:villager
[17:42:13] [Server thread/INFO]: [Xautral: Summoned new Villager]
[17:42:13] [Server thread/INFO]: Xautral issued server command: /summon minecraft:villager
[17:42:13] [Server thread/INFO]: [Xautral: Summoned new Villager]
[17:42:14] [Server thread/INFO]: Xautral issued server command: /summon minecraft:villager
[17:42:14] [Server thread/INFO]: [Xautral: Summoned new Villager]
[17:42:15] [Async Chat Thread - #7/INFO]: [Not Secure] <Not_Unfsiae> en mi base xd
[17:42:17] [Server thread/INFO]: Xautral issued server command: /summon minecraft:iron_golem
[17:42:17] [Server thread/INFO]: [Xautral: Summoned new Iron Golem]
[17:42:18] [Server thread/INFO]: Xautral issued server command: /summon minecraft:iron_golem
[17:42:18] [Server thread/INFO]: [Xautral: Summoned new Iron Golem]
[17:42:18] [Server thread/INFO]: Xautral issued server command: /summon minecraft:iron_golem
[17:42:18] [Server thread/INFO]: [Xautral: Summoned new Iron Golem]
[17:42:18] [Server thread/INFO]: Xautral issued server command: /summon minecraft:iron_golem
[17:42:18] [Server thread/INFO]: [Xautral: Summoned new Iron Golem]
[17:42:19] [Server thread/INFO]: Xautral issued server command: /summon minecraft:iron_golem
[17:42:19] [Server thread/INFO]: [Xautral: Summoned new Iron Golem]
[17:42:23] [Server thread/INFO]: [Realm of Souls] Not_Unfsiae fell from a high place
[17:42:32] [Server thread/INFO]: Xautral issued server command: /effect give @e[type=minecraft:iron_golem] minecraft:speed infinite 4 true
[17:42:32] [Server thread/INFO]: [Xautral: Applied effect Speed to 6 targets]
[17:42:35] [Server thread/INFO]: Xautral issued server command: /summon minecraft:iron_golem
[17:42:35] [Server thread/INFO]: [Xautral: Summoned new Iron Golem]
[17:42:35] [Server thread/INFO]: Xautral issued server command: /summon minecraft:iron_golem
[17:42:35] [Server thread/INFO]: [Xautral: Summoned new Iron Golem]
[17:42:36] [Server thread/INFO]: Xautral issued server command: /summon minecraft:iron_golem
[17:42:36] [Server thread/INFO]: [Xautral: Summoned new Iron Golem]
[17:42:37] [Server thread/INFO]: Xautral issued server command: /effect give @e[type=minecraft:iron_golem] minecraft:speed infinite 4 true
[17:42:37] [Server thread/INFO]: [Xautral: Applied effect Speed to 9 targets]
[17:42:47] [Server thread/INFO]: Xautral issued server command: /summon minecraft:iron_golem
[17:42:47] [Server thread/INFO]: [Xautral: Summoned new Iron Golem]
[17:42:48] [Server thread/INFO]: Xautral issued server command: /summon minecraft:iron_golem
[17:42:48] [Server thread/INFO]: [Xautral: Summoned new Iron Golem]
[17:42:48] [Server thread/INFO]: Xautral issued server command: /summon minecraft:iron_golem
[17:42:48] [Server thread/INFO]: [Xautral: Summoned new Iron Golem]
[17:42:48] [Server thread/INFO]: Xautral issued server command: /summon minecraft:iron_golem
[17:42:48] [Server thread/INFO]: [Xautral: Summoned new Iron Golem]
[17:42:48] [Server thread/INFO]: Xautral issued server command: /summon minecraft:iron_golem
[17:42:48] [Server thread/INFO]: [Xautral: Summoned new Iron Golem]
[17:42:48] [Server thread/INFO]: Xautral issued server command: /summon minecraft:iron_golem
[17:42:48] [Server thread/INFO]: [Xautral: Summoned new Iron Golem]
[17:42:48] [Server thread/INFO]: Xautral issued server command: /summon minecraft:iron_golem
[17:42:48] [Server thread/INFO]: [Xautral: Summoned new Iron Golem]
[17:42:49] [Server thread/INFO]: Xautral issued server command: /summon minecraft:iron_golem
[17:42:49] [Server thread/INFO]: [Xautral: Summoned new Iron Golem]
[17:42:49] [Server thread/INFO]: Xautral issued server command: /effect give @e[type=minecraft:iron_golem] minecraft:speed infinite 4 true
[17:42:49] [Server thread/INFO]: [Xautral: Applied effect Speed to 17 targets]
[17:42:53] [Async Chat Thread - #7/INFO]: [Not Secure] <Not_Unfsiae> Xautral
[17:42:55] [Async Chat Thread - #7/INFO]: [Not Secure] <Xautral> que
[17:42:57] [Server thread/INFO]: Xautral issued server command: /tp Not_Unfsiae
[17:42:57] [Server thread/INFO]: [Xautral: Teleported Xautral to [Realm of Souls] Not_Unfsiae]
[17:42:59] [Async Chat Thread - #7/INFO]: [Not Secure] <Not_Unfsiae> los que viven en la base en la que yo vivia
[17:43:05] [Async Chat Thread - #7/INFO]: [Not Secure] <Not_Unfsiae> se dejaron 32 manzanas de oro en el cofre :V
[17:43:10] [Async Chat Thread - #7/INFO]: [Not Secure] <Xautral> aj´pa
[17:43:15] [Async Chat Thread - #7/INFO]: [Not Secure] <Not_Unfsiae> adivina quien se las llevo muejejej
[17:43:17] [Async Chat Thread - #7/INFO]: [Not Secure] <Xautral> el dueño
[17:43:23] [Async Chat Thread - #7/INFO]: [Not Secure] <Not_Unfsiae> si
[17:43:23] [Async Chat Thread - #7/INFO]: [Not Secure] <Not_Unfsiae> yo
[17:43:24] [Async Chat Thread - #7/INFO]: [Not Secure] <Not_Unfsiae> :V
[17:43:25] [Async Chat Thread - #7/INFO]: [Not Secure] <Xautral> :v
[17:45:01] [Server thread/INFO]: [Roman Nation] Ianzxz1132 was slain by Iron Golem
[17:45:44] [Server thread/INFO]: [Roman Nation] Ianzxz1132 was slain by Iron Golem
[17:46:05] [Server thread/INFO]: [Realm of Souls] Not_Unfsiae has made the advancement [The Cutest Predator]
[17:46:22] [Server thread/INFO]: Xautral issued server command: /tp Ianzxz1132
[17:46:22] [Server thread/INFO]: [Xautral: Teleported Xautral to [Roman Nation] Ianzxz1132]
[17:46:32] [Server thread/INFO]: [Xautral: Set own game mode to Survival Mode]
[17:46:43] [Server thread/INFO]: [Xautral: Set own game mode to Creative Mode]
[17:47:01] [Server thread/INFO]: Xautral issued server command: /ie tooltipstyle clear
[17:47:11] [Server thread/INFO]: Xautral issued server command: /ie food canalwayseat true
[17:47:16] [Server thread/INFO]: [Xautral: Set own game mode to Survival Mode]
[17:47:36] [Server thread/INFO]: Xautral issued server command: /effect give Xautral minecraft:hunger 255 255 false
[17:47:36] [Server thread/INFO]: [Xautral: Applied effect Hunger to Xautral]
[17:48:06] [Server thread/INFO]: [Xautral: Set own game mode to Creative Mode]
[17:48:09] [Server thread/INFO]: Xautral issued server command: /tp Not_Unfsiae
[17:48:09] [Server thread/INFO]: [Xautral: Teleported Xautral to [Realm of Souls] Not_Unfsiae]
[17:48:10] [Server thread/INFO]: [Xautral: Set own game mode to Spectator Mode]
[17:48:13] [Async Chat Thread - #9/INFO]: [Not Secure] <Xautral> saquenme de venezapaot
[17:48:16] [Async Chat Thread - #9/INFO]: [Not Secure] <Xautral> saquenme de venezapato
[17:48:16] [Async Chat Thread - #9/INFO]: [Not Secure] <Not_Unfsiae> :v
[17:49:03] [Server thread/INFO]: [Roman Nation] Ianzxz1132 was blown up by Creeper
[17:49:42] [Server thread/INFO]: [Roman Nation] Ianzxz1132 has made the advancement [Sweet Dreams]
[17:49:51] [Async Chat Thread - #11/INFO]: [Not Secure] <Not_Unfsiae> Xautral
[17:49:52] [Async Chat Thread - #11/INFO]: [Not Secure] <Not_Unfsiae> bromita
[17:50:09] [Async Chat Thread - #11/INFO]: [Not Secure] <Not_Unfsiae> :V
[17:50:19] [Async Chat Thread - #11/INFO]: [Not Secure] <Not_Unfsiae> mira aca abajo
[17:52:30] [Server thread/INFO]: [Realm of Souls] Not_Unfsiae fell from a high place
[17:53:12] [Async Chat Thread - #13/INFO]: [Not Secure] <Xautral> oene
[17:53:13] [Async Chat Thread - #13/INFO]: [Not Secure] <Xautral> pene
[17:53:14] [Async Chat Thread - #13/INFO]: [Not Secure] <Xautral> ya volvi
[17:53:16] [Server thread/INFO]: Xautral issued server command: /tp Not_Unfsiae
[17:53:16] [Server thread/INFO]: [Xautral: Teleported Xautral to [Realm of Souls] Not_Unfsiae]
[17:53:23] [Server thread/INFO]: Xautral issued server command: /summon minecraft:creeper
[17:53:23] [Server thread/INFO]: [Xautral: Summoned new Creeper]
[17:53:42] [Server thread/INFO]: Xautral issued server command: /summon minecraft:skeleton
[17:53:42] [Server thread/INFO]: [Xautral: Summoned new Skeleton]
[17:53:51] [Server thread/INFO]: Xautral issued server command: /summon minecraft:zombie
[17:53:51] [Server thread/INFO]: [Xautral: Summoned new Zombie]
[17:53:51] [Server thread/INFO]: Not_Unfsiae issued server command: /msg Xautral le escondi los perros al Shanay y al zTeis debajo del piso :V
[17:53:51] [Server thread/INFO]: Xautral issued server command: /summon minecraft:zombie
[17:53:51] [Server thread/INFO]: [Xautral: Summoned new Zombie]
[17:54:24] [Server thread/INFO]: Xautral issued server command: /tell Not_Unfsiae hermano en cristo realmente se sintió muy sigma
[17:54:30] [Async Chat Thread - #15/INFO]: [Not Secure] <Not_Unfsiae> :hot_face:
[17:54:40] [Async Chat Thread - #15/INFO]: [Not Secure] <Xautral> :dick
[17:54:45] [Async Chat Thread - #15/INFO]: [Not Secure] <Not_Unfsiae> :hot_face:
[17:54:48] [Async Chat Thread - #15/INFO]: [Not Secure] <Xautral> :dick:
[17:54:55] [Async Chat Thread - #15/INFO]: [Not Secure] <Not_Unfsiae> :hyper_hot_face:
[17:55:01] [Async Chat Thread - #15/INFO]: [Not Secure] <Xautral> :ojos_void:
[17:55:10] [Async Chat Thread - #15/INFO]: [Not Secure] <Not_Unfsiae> :yomevoid:
[17:55:23] [Async Chat Thread - #15/INFO]: [Not Secure] <Xautral> :[Inserte Emoji]:
[17:55:40] [Async Chat Thread - #15/INFO]: [Not Secure] <Xautral> Ianzxz1132 esta bien perro poder mandar emojis en minecraft
[17:55:42] [Async Chat Thread - #15/INFO]: [Not Secure] <Xautral> si o no
[17:55:50] [Async Chat Thread - #15/INFO]: [Not Secure] <Xautral> oscar meza :table:
[17:56:00] [Async Chat Thread - #15/INFO]: [Not Secure] <Xautral> que onda papu awrrr
[17:56:04] [Server thread/INFO]: Xautral issued server command: /tp Ianzxz1132
[17:56:04] [Server thread/INFO]: [Xautral: Teleported Xautral to [Roman Nation] Ianzxz1132]
[17:56:13] [Async Chat Thread - #15/INFO]: [Not Secure] <Not_Unfsiae> mi actualizacion favorita sin duda
[17:56:28] [Server thread/INFO]: Xautral issued server command: /tp @e[type=minecraft:villager,distance=..10] Ianzxz1132
[17:56:28] [Server thread/INFO]: [Xautral: Teleported 3 entities to [Roman Nation] Ianzxz1132]
[17:56:35] [Server thread/INFO]: Xautral issued server command: /tp @e[type=minecraft:villager,distance=..10] Ianzxz1132
[17:56:35] [Server thread/INFO]: [Xautral: Teleported 7 entities to [Roman Nation] Ianzxz1132]
[17:56:47] [Async Chat Thread - #15/INFO]: [Not Secure] <Xautral> *Risa Amoníaco*
[17:56:48] [Async Chat Thread - #15/INFO]: [Not Secure] <Ianzxz1132> ñwtf
[17:57:04] [Async Chat Thread - #15/INFO]: [Not Secure] <Xautral> ñwtf = Ñango Wacamoles Tontos Furros
[17:57:24] [Server thread/INFO]: Xautral issued server command: /damage @n[type=iron_golem,
[17:57:31] [Server thread/INFO]: Xautral issued server command: /damage @n[type=iron_golem] 1 minecraft:player_attack by Ianzxz1132
[17:57:31] [Server thread/INFO]: [Xautral: Applied 1.0 damage to Iron Golem]
[17:57:34] [Server thread/INFO]: [Roman Nation] Ianzxz1132 was slain by Iron Golem
[17:57:44] [Async Chat Thread - #15/INFO]: [Not Secure] <Not_Unfsiae> afk
[17:57:45] [Server thread/INFO]: Xautral issued server command: /damage @n[type=iron_golem] 1 minecraft:player_attack by Ianzxz1132
[17:57:45] [Server thread/INFO]: [Xautral: Applied 1.0 damage to Iron Golem]
[17:57:45] [Server thread/INFO]: [Roman Nation] Ianzxz1132 was slain by Iron Golem
[17:57:52] [Async Chat Thread - #15/INFO]: [Not Secure] <Xautral> ?
[18:01:44] [Async Chat Thread - #16/INFO]: [Not Secure] <Xautral> Ianzxz1132 que haces?
[18:01:50] [Async Chat Thread - #16/INFO]: [Not Secure] <Xautral> vas a hacer un trading hall?
[18:01:52] [Async Chat Thread - #16/INFO]: [Not Secure] <Ianzxz1132> para tradear we
[18:01:57] [Server thread/INFO]: Xautral issued server command: /tp Not_Unfsiae
[18:01:57] [Server thread/INFO]: [Xautral: Teleported Xautral to [Realm of Souls] Not_Unfsiae]
[18:02:01] [Async Chat Thread - #16/INFO]: [Not Secure] <Xautral> Yes_Unfsiae
[18:02:06] [Async Chat Thread - #16/INFO]: [Not Secure] <Xautral> como ves a este idiota
[18:02:54] [Async Chat Thread - #18/INFO]: [Not Secure] <Ianzxz1132> we psame u na espada
[18:02:59] [Async Chat Thread - #18/INFO]: [Not Secure] <Not_Unfsiae> ya
[18:03:01] [Async Chat Thread - #17/INFO]: [Not Secure] <Ianzxz1132> o 1 d tnx
[18:03:07] [Async Chat Thread - #17/INFO]: [Not Secure] <Not_Unfsiae> hey que fue como que Yes_Unfsiae
[18:03:09] [Async Chat Thread - #17/INFO]: [Not Secure] <Ianzxz1132> 2 d tnt nms
[18:03:27] [Async Chat Thread - #17/INFO]: [Not Secure] <Not_Unfsiae> Xautral, tu juegas pvp?
[18:03:32] [Async Chat Thread - #17/INFO]: [Not Secure] <Xautral> no mucho
[18:03:42] [Async Chat Thread - #17/INFO]: [Not Secure] <Not_Unfsiae> somos iguales entonces en ese sentido
[18:03:54] [Async Chat Thread - #17/INFO]: [Not Secure] <Not_Unfsiae> yo juego mc desde 2015 y la verdad nunca toque el pvp mucho que digamos
[18:03:54] [Async Chat Thread - #17/INFO]: [Not Secure] <Xautral> uff pero en elytra pvp me la super perlan
[18:03:56] [Async Chat Thread - #17/INFO]: [Not Secure] <Xautral> uff pero en elytra pvp me la super pelan
[18:04:03] [Async Chat Thread - #17/INFO]: [Not Secure] <Not_Unfsiae> nunca he jugado elytra pvp
[18:04:07] [Async Chat Thread - #17/INFO]: [Not Secure] <Xautral> es de precisión
[18:04:17] [Async Chat Thread - #17/INFO]: [Not Secure] <Ianzxz1132> wee.psa.2 d tnt
[18:04:18] [Async Chat Thread - #17/INFO]: [Not Secure] <Xautral> apuntarle correctamente a la persona correcta
[18:04:21] [Async Chat Thread - #17/INFO]: [Not Secure] <Xautral> Ianzxz1132
[18:04:27] [Async Chat Thread - #17/INFO]: [Not Secure] <Xautral> que dijimos de decir incoherencias
[18:04:31] [Async Chat Thread - #17/INFO]: [Not Secure] <Not_Unfsiae> xd
[18:04:32] [Async Chat Thread - #17/INFO]: [Not Secure] <Xautral> ya te dije que no entiendo tu idioma
[18:04:37] [Async Chat Thread - #17/INFO]: [Not Secure] <Ianzxz1132> xd
[18:04:37] [Async Chat Thread - #17/INFO]: [Not Secure] <Xautral> no se que me dices
[18:04:51] [Async Chat Thread - #17/INFO]: [Not Secure] <Xautral> como que www.pleisteiton.2 d tnt
[18:05:01] [Async Chat Thread - #17/INFO]: [Not Secure] <Ianzxz1132> que me des 2 bloques de tnt
[18:05:11] [Async Chat Thread - #17/INFO]: [Not Secure] <Xautral> no te entiendo
[18:05:12] [Async Chat Thread - #17/INFO]: [Not Secure] <Ianzxz1132> porfavor
[18:05:15] [Async Chat Thread - #17/INFO]: [Not Secure] <Xautral> pero supongo que dices
[18:05:26] [Async Chat Thread - #17/INFO]: [Not Secure] <Xautral> "Que me dés 2 Bloques de Dinamita, porfavor."
[18:05:31] [Async Chat Thread - #17/INFO]: [Not Secure] <Ianzxz1132> eso
[18:05:37] [Async Chat Thread - #17/INFO]: [Not Secure] <Xautral> zorry
[18:05:38] [Async Chat Thread - #17/INFO]: [Not Secure] <Xautral> zorra*
[18:05:39] [Async Chat Thread - #17/INFO]: [Not Secure] <Not_Unfsiae> "por favor rapidin, necesito esto, mi mama esta un poco sin hogar"
[18:05:41] [Server thread/INFO]: Villager Villager['Villager'/8488, uuid='ad77b7eb-4e0f-4775-9723-6ee0f00b36e1', l='ServerLevel[world]', x=2513.45, y=67.96, z=-3894.21, cpos=[157, -244], tl=28157, v=true] died, message: 'Villager was slain by Zombie'
[18:05:46] [Async Chat Thread - #17/INFO]: [Not Secure] <Ianzxz1132> 1cambiale el kdioma a mine we
[18:05:46] [Async Chat Thread - #17/INFO]: [Not Secure] <Xautral> xdddd
[18:05:47] [Server thread/INFO]: Villager Villager['Villager'/8864, uuid='959d4e46-2477-4e2f-a5e3-afa5a3e54135', l='ServerLevel[world]', x=2521.02, y=68.00, z=-3898.34, cpos=[157, -244], tl=27720, v=true] died, message: 'Villager was slain by Zombie'
[18:05:50] [Async Chat Thread - #17/INFO]: [Not Secure] <Xautral> Ianzxz1132
[18:05:53] [Async Chat Thread - #17/INFO]: [Not Secure] <Not_Unfsiae> 1
[18:05:54] [Async Chat Thread - #17/INFO]: [Not Secure] <Xautral> una ams y te doy de baja
[18:05:55] [Async Chat Thread - #17/INFO]: [Not Secure] <Xautral> no da risa
[18:06:02] [Async Chat Thread - #17/INFO]: [Not Secure] <Ianzxz1132> q csa we
[18:06:03] [Async Chat Thread - #17/INFO]: [Not Secure] <Xautral> c0m0 que kdioma a minewey
[18:06:11] [Async Chat Thread - #17/INFO]: [Not Secure] <Xautral> 1cambiale kdioma aque
[18:06:12] [Async Chat Thread - #18/INFO]: [Not Secure] <Xautral> ???
[18:06:23] [Async Chat Thread - #18/INFO]: [Not Secure] <Ianzxz1132> pasa q mk celu no aguanta la presion
[18:06:27] [Async Chat Thread - #18/INFO]: [Not Secure] <Xautral> "Porfavor Velocidad necesito esto, mi madre está un poco sin hogar"
[18:06:42] [Server thread/INFO]: Xautral issued server command: /summon creeper
[18:06:42] [Server thread/INFO]: [Xautral: Summoned new Creeper]
[18:06:52] [Async Chat Thread - #18/INFO]: [Not Secure] <Not_Unfsiae> Xautral ese fuiste tu carbon
[18:07:03] [Async Chat Thread - #18/INFO]: [Not Secure] <Xautral> otro pendejo que anda diciendo inchoerencias
[18:07:19] [Async Chat Thread - #18/INFO]: [Not Secure] <Ianzxz1132> Xautral dame 2 bloques de dinamita porfavor
[18:07:30] [Async Chat Thread - #17/INFO]: [Not Secure] <Not_Unfsiae> me spawneaste un creeper en una zona iluminada xd
[18:07:37] [Async Chat Thread - #17/INFO]: [Not Secure] <Not_Unfsiae> literalmente vi como salio del piso el carbon
[18:07:40] [Async Chat Thread - #17/INFO]: [Not Secure] <Ianzxz1132> xddd
[18:07:41] [Async Chat Thread - #17/INFO]: [Not Secure] <Xautral> Con que derecho osas tu de acusarme y dictarme culpa sobre negligencias que no son de mi incumbencia, con que boca salen semejantes disparates.
[18:07:45] [Async Chat Thread - #17/INFO]: [Not Secure] <Not_Unfsiae> XD
[18:07:52] [Async Chat Thread - #17/INFO]: [Not Secure] <Ianzxz1132> Not_Unfsiae
[18:07:55] [Async Chat Thread - #17/INFO]: [Not Secure] <Not_Unfsiae> digame Ianzxz1132
[18:07:59] [Async Chat Thread - #17/INFO]: [Not Secure] <Xautral> Capullo en Vinagre.
[18:08:02] [Async Chat Thread - #17/INFO]: [Not Secure] <Ianzxz1132> eres owner?
[18:08:07] [Async Chat Thread - #17/INFO]: [Not Secure] <Not_Unfsiae> yo no
[18:08:09] [Async Chat Thread - #17/INFO]: [Not Secure] <Xautral> simpó
[18:08:09] [Async Chat Thread - #17/INFO]: [Not Secure] <Not_Unfsiae> de?
[18:08:10] [Async Chat Thread - #17/INFO]: [Not Secure] <Xautral> si es
[18:08:11] [Async Chat Thread - #17/INFO]: [Not Secure] <Not_Unfsiae> osea
[18:08:11] [Async Chat Thread - #17/INFO]: [Not Secure] <Ianzxz1132> team?
[18:08:12] [Async Chat Thread - #17/INFO]: [Not Secure] <Xautral> es encubierto
[18:08:12] [Async Chat Thread - #17/INFO]: [Not Secure] <Not_Unfsiae> de mi clan si
[18:08:20] [Async Chat Thread - #17/INFO]: [Not Secure] <Ianzxz1132> uneme a tu cl we
[18:08:25] [Async Chat Thread - #17/INFO]: [Not Secure] <Not_Unfsiae> es que ya somo 3
[18:08:38] [Async Chat Thread - #17/INFO]: [Not Secure] <Not_Unfsiae> y la ultima vez que fuimos mas de 3 explotaron la base los carbones
[18:08:56] [Async Chat Thread - #17/INFO]: [Not Secure] <Not_Unfsiae> encima Xautral agarro al que exploto la base y lo mando a una isla en nicaragua
[18:09:16] [Async Chat Thread - #17/INFO]: [Not Secure] <Ianzxz1132> dale we xfa
[18:09:24] [Async Chat Thread - #17/INFO]: [Not Secure] <Ianzxz1132> tengo muchw cowasw
[18:09:32] [Async Chat Thread - #17/INFO]: [Not Secure] <Not_Unfsiae> Xautral, voto para que ciertos dias hagan eventos de pvp en un coliseo
[18:09:37] [Async Chat Thread - #17/INFO]: [Not Secure] <Ianzxz1132> cosas*
[18:09:54] [Async Chat Thread - #17/INFO]: [Not Secure] <Not_Unfsiae> Ianzxz1132, las cosas no son el problema, sino que mi clan es comercial, es decir, se encarga de tiendas, tradeos y etc
[18:09:57] [Async Chat Thread - #17/INFO]: [Not Secure] <Not_Unfsiae> no somos de pvp
[18:10:04] [Async Chat Thread - #17/INFO]: [Not Secure] <Ianzxz1132> si es d Cpvp mejor
[18:10:08] [Async Chat Thread - #17/INFO]: [Not Secure] <Not_Unfsiae> y somos pocos para mantener el perfil bajo
[18:10:14] [Server thread/INFO]: Villager Villager['Villager'/8909, uuid='37344951-e863-4870-acfd-97b0613e7a13', l='ServerLevel[world]', x=2569.70, y=75.00, z=-3871.62, cpos=[160, -242], tl=32960, v=true] died, message: 'Villager was slain by Husk'
[18:10:21] [Async Chat Thread - #17/INFO]: [Not Secure] <Ianzxz1132> 4 nomas we xfa
[18:10:30] [Async Chat Thread - #17/INFO]: [Not Secure] <Not_Unfsiae> Ianzxz1132, ando aprendiendo Cpvp, ayer toque un poco y soy decente
[18:10:33] [Server thread/INFO]: Villager Villager['Villager'/8900, uuid='5f43e81e-e355-4ba0-8cb6-5c7b15b020fd', l='ServerLevel[world]', x=2572.85, y=71.00, z=-3867.68, cpos=[160, -242], tl=33369, v=true] died, message: 'Villager hit the ground too hard while trying to escape Zombie Villager'
[18:10:37] [Async Chat Thread - #17/INFO]: [Not Secure] <Not_Unfsiae> solo no se usar anchors
[18:10:50] [Async Chat Thread - #17/INFO]: [Not Secure] <Ianzxz1132> yo se construir se pvp tambien
[18:10:58] [Server thread/INFO]: Villager Villager['Villager'/8887, uuid='71bb7856-e4de-4ba1-a80c-65919efc8c98', l='ServerLevel[world]', x=2617.30, y=60.00, z=-3851.30, cpos=[163, -241], tl=33905, v=true] died, message: 'Villager was slain by Husk'
[18:11:16] [Async Chat Thread - #17/INFO]: [Not Secure] <Not_Unfsiae> yo practique 9 años construccion, parkour y todas esas mmds porque el pvp no me salia en el pasado, recien este año toque pvp
[18:11:27] [Async Chat Thread - #17/INFO]: [Not Secure] <Not_Unfsiae> asi que solo responde algo
[18:11:29] [Async Chat Thread - #17/INFO]: [Not Secure] <Not_Unfsiae> sabes tecnico?
[18:11:31] [Async Chat Thread - #17/INFO]: [Not Secure] <Xautral> hola ya volvi
[18:11:34] [Async Chat Thread - #17/INFO]: [Not Secure] <Ianzxz1132> sisas we
[18:11:43] [Async Chat Thread - #17/INFO]: [Not Secure] <Not_Unfsiae> que granja es la mas facil que sabes?}
[18:11:46] [Async Chat Thread - #17/INFO]: [Not Secure] <Xautral> "sisas" :skull: :verga:
[18:11:51] [Async Chat Thread - #17/INFO]: [Not Secure] <Not_Unfsiae> Xautral
[18:11:52] [Async Chat Thread - #17/INFO]: [Not Secure] <Xautral> que
[18:11:56] [Async Chat Thread - #17/INFO]: [Not Secure] <Not_Unfsiae> Xautral, voto para que ciertos dias hagan eventos de pvp en un coliseo
[18:12:06] [Async Chat Thread - #17/INFO]: [Not Secure] <Xautral> se llaman koths pendejo
[18:12:07] [Async Chat Thread - #17/INFO]: [Not Secure] <Ianzxz1132> mobs sin spawner d cactus
[18:12:21] [Async Chat Thread - #17/INFO]: [Not Secure] <Not_Unfsiae> si sabes hacer una de creeper te acepto
[18:12:22] [Async Chat Thread - #17/INFO]: [Not Secure] <Ianzxz1132> esas soon las mas faciles
[18:12:29] [Server thread/INFO]: Xautral issued server command: /summon creeper
[18:12:29] [Server thread/INFO]: [Xautral: Summoned new Creeper]
[18:12:39] [Async Chat Thread - #17/INFO]: [Not Secure] <Ianzxz1132> si we como no voy a sabes hacer una d polvora we
[18:12:45] [Async Chat Thread - #17/INFO]: [Not Secure] <Xautral> puto
[18:13:02] [Async Chat Thread - #17/INFO]: [Not Secure] <Not_Unfsiae> y otra cosa, sabes que rango eres en pvp?
[18:13:18] [Async Chat Thread - #18/INFO]: [Not Secure] <Ianzxz1132> CPV lt4
[18:13:24] [Async Chat Thread - #18/INFO]: [Not Secure] <Xautral> CP? :ojos_void:
[18:13:25] [Async Chat Thread - #18/INFO]: [Not Secure] <Not_Unfsiae> nice
[18:13:30] [Async Chat Thread - #18/INFO]: [Not Secure] <Not_Unfsiae> y en sword o axe?
[18:13:34] [Server thread/INFO]: Xautral issued server command: /summon creeper
[18:13:34] [Server thread/INFO]: [Xautral: Summoned new Creeper]
[18:13:37] [Async Chat Thread - #18/INFO]: [Not Secure] <Ianzxz1132> sword lt4 tambien
[18:13:43] [Async Chat Thread - #18/INFO]: [Not Secure] <Not_Unfsiae> Xautral deja de spawnearme creepers
[18:13:48] [Async Chat Thread - #18/INFO]: [Not Secure] <Xautral> Con que derecho osas tu de acusarme y dictarme culpa sobre negligencias que no son de mi incumbencia, con que boca salen semejantes disparates.
[18:13:56] [Async Chat Thread - #18/INFO]: [Not Secure] <Ianzxz1132> ese putso me mato 2 veces q gey
[18:14:02] [Async Chat Thread - #18/INFO]: [Not Secure] <Xautral> suficiente Ianzxz1132
[18:14:04] [Async Chat Thread - #18/INFO]: [Not Secure] <Xautral> te lo adverrti
[18:14:05] [Async Chat Thread - #18/INFO]: [Not Secure] <Ianzxz1132> xd.putso
[18:14:13] [Async Chat Thread - #18/INFO]: [Not Secure] <Ianzxz1132> dale we
[18:14:21] [Server thread/INFO]: Xautral issued server command: /ban Ianzxz1132 Falta de Información, Conspiración - Ban Indefinido
[18:14:21] [Server thread/INFO]: [Xautral: Banned Ianzxz1132: Falta de Información, Conspiración - Ban Indefinido]
[18:14:21] [Server thread/INFO]: Ianzxz1132 lost connection: You are banned from this server
[18:14:21] [Server thread/INFO]: Ianzxz1132 left the game
[18:14:25] [User Authenticator #4/INFO]: UUID of player Ianzxz1132 is 8306c962-e225-3f77-b013-5b85aad2395e
[18:14:25] [Server thread/INFO]: Disconnecting Ianzxz1132 (/127.87.135.141:59409): You are banned from this server.
Reason: Falta de Información, Conspiración - Ban Indefinido
[18:14:25] [Server thread/INFO]: Ianzxz1132 (/127.87.135.141:59409) lost connection: You are banned from this server.
Reason: Falta de Información, Conspiración - Ban Indefinido
[18:14:25] [Async Chat Thread - #18/INFO]: [Not Secure] <Not_Unfsiae> :op
[18:14:26] [Server thread/INFO]: Xautral issued server command: /pardon Ianzxz1132
[18:14:26] [Server thread/INFO]: [Xautral: Unbanned Ianzxz1132]
[18:14:27] [Async Chat Thread - #18/INFO]: [Not Secure] <Not_Unfsiae> :p
[18:14:29] [Async Chat Thread - #18/INFO]: [Not Secure] <Not_Unfsiae> :o
[18:14:29] [Async Chat Thread - #18/INFO]: [Not Secure] <Xautral> ese wey ya me cansó
[18:14:30] [User Authenticator #4/INFO]: UUID of player Ianzxz1132 is 8306c962-e225-3f77-b013-5b85aad2395e
[18:14:31] [Async Chat Thread - #18/INFO]: [Not Secure] <Xautral> no se de que habla
[18:14:32] [Server thread/INFO]: [Roman Nation] Ianzxz1132 joined the game
[18:14:32] [Server thread/INFO]: Ianzxz1132[/127.87.135.141:51247] logged in with entity id 18813 at ([world]2508.300000011921, 64.0, -3870.300000011921)
[18:14:37] [Async Chat Thread - #18/INFO]: [Not Secure] <Xautral> la siguiente es dee verdad
[18:14:37] [Async Chat Thread - #18/INFO]: [Not Secure] <Ianzxz1132> dale kbron
[18:14:40] [Async Chat Thread - #18/INFO]: [Not Secure] <Xautral> o aprendes a hablar español
[18:14:46] [Async Chat Thread - #18/INFO]: [Not Secure] <Xautral> o te mando a chingar a tu madre
[18:14:47] [Async Chat Thread - #18/INFO]: [Not Secure] <Ianzxz1132> pero ya te explique pq es
[18:14:51] [Async Chat Thread - #18/INFO]: [Not Secure] <Xautral> de que
[18:14:55] [Async Chat Thread - #18/INFO]: [Not Secure] <Xautral> de que pitos hablas
[18:14:56] [Async Chat Thread - #18/INFO]: [Not Secure] <Not_Unfsiae> de que el celular es un bodrio
[18:15:00] [Async Chat Thread - #18/INFO]: [Not Secure] <Xautral> nada que ver
[18:15:04] [Async Chat Thread - #18/INFO]: [Not Secure] <Ianzxz1132> es mi por mis dedos sudados
[18:15:08] [Async Chat Thread - #18/INFO]: [Not Secure] <Xautral> achinga
[18:15:09] [Async Chat Thread - #18/INFO]: [Not Secure] <Not_Unfsiae> :hot_face:
[18:15:13] [Async Chat Thread - #18/INFO]: [Not Secure] <Xautral> :verga:
[18:15:14] [Async Chat Thread - #18/INFO]: [Not Secure] <Ianzxz1132> xdd
[18:15:15] [Async Chat Thread - #18/INFO]: [Not Secure] <Xautral> a no
[18:15:17] [Async Chat Thread - #18/INFO]: [Not Secure] <Xautral> ese no existe
[18:15:20] [Async Chat Thread - #18/INFO]: [Not Secure] <Xautral> a si cierto
[18:15:27] [Async Chat Thread - #18/INFO]: [Not Secure] <Ianzxz1132> :ojosvoid:
[18:15:31] [Async Chat Thread - #18/INFO]: [Not Secure] <Xautral> que Ianzxz1132 no esta actualizado a la 1.22
[18:15:36] [Async Chat Thread - #18/INFO]: [Not Secure] <Xautral> no puede ver los emojis
[18:15:42] [Async Chat Thread - #18/INFO]: [Not Secure] <Not_Unfsiae> Xautral, no me spawnees nada que voy a hacer el patrocinio
[18:15:43] [Async Chat Thread - #18/INFO]: [Not Secure] <Xautral> :vVvV
[18:15:44] [Async Chat Thread - #18/INFO]: [Not Secure] <Ianzxz1132> xd
[18:15:48] [Async Chat Thread - #18/INFO]: [Not Secure] <Xautral> otro pendejo
[18:15:53] [Async Chat Thread - #18/INFO]: [Not Secure] <Ianzxz1132> como q 1.22
[18:15:56] [Async Chat Thread - #18/INFO]: [Not Secure] <Xautral> Con que derecho osas tu de acusarme y dictarme culpa sobre negligencias que no son de mi incumbencia, con que boca salen semejantes disparates.
[18:16:08] [Async Chat Thread - #18/INFO]: [Not Secure] <Ianzxz1132> jaja
[18:16:18] [Async Chat Thread - #18/INFO]: [Not Secure] <Ianzxz1132> Not_Unfsiae y we si o no?
[18:17:05] [Async Chat Thread - #18/INFO]: [Not Secure] <Ianzxz1132> Not_Unfsiae
[18:17:08] [Server thread/INFO]: Xautral issued server command: /tellraw @a[name=!Not_Unfsiae] {"text":"<Not_Unfsiae> callate un rato"}
[18:17:17] [Async Chat Thread - #18/INFO]: [Not Secure] <Xautral> xd
[18:17:19] [Async Chat Thread - #18/INFO]: [Not Secure] <Not_Unfsiae> la verdad lo tengo que hablar con los otros 2 del clan
[18:17:26] [Async Chat Thread - #18/INFO]: [Not Secure] <Xautral> ey hermano
[18:17:27] [Async Chat Thread - #18/INFO]: [Not Secure] <Xautral> Not_Unfsiae
[18:17:30] [Async Chat Thread - #18/INFO]: [Not Secure] <Xautral> no calles a Ianzxz1132 deidad
[18:17:34] [Async Chat Thread - #18/INFO]: [Not Secure] <Ianzxz1132> me los voy a cojer a los 3
[18:17:38] [Async Chat Thread - #18/INFO]: [Not Secure] <Not_Unfsiae> por tema de que uno es el ser mas pacifico que existe (nekosams) y el otro es un ser del diablo
[18:17:43] [Async Chat Thread - #18/INFO]: [Not Secure] <Ianzxz1132> xd
[18:18:03] [Server thread/INFO]: Xautral issued server command: /summon creeper
[18:18:03] [Server thread/INFO]: [Xautral: Summoned new Creeper]
[18:18:08] [Async Chat Thread - #18/INFO]: [Not Secure] <Not_Unfsiae> Xautral
[18:18:12] [Async Chat Thread - #18/INFO]: [Not Secure] <Not_Unfsiae> para carbon
[18:18:12] [Async Chat Thread - #18/INFO]: [Not Secure] <Xautral> Con que derecho osas tu de acusarme y dictarme culpa sobre negligencias que no son de mi incumbencia, con que boca salen semejantes disparates.
[18:18:14] [Async Chat Thread - #18/INFO]: [Not Secure] <Xautral> Con que derecho osas tu de acusarme y dictarme culpa sobre negligencias que no son de mi incumbencia, con que boca salen semejantes disparates.
[18:18:14] [Async Chat Thread - #18/INFO]: [Not Secure] <Xautral> Con que derecho osas tu de acusarme y dictarme culpa sobre negligencias que no son de mi incumbencia, con que boca salen semejantes disparates.
[18:18:14] [Async Chat Thread - #18/INFO]: [Not Secure] <Xautral> t
[18:18:24] [Async Chat Thread - #18/INFO]: [Not Secure] <Xautral> así hasta que dejes de culparme
[18:18:30] [Async Chat Thread - #18/INFO]: [Not Secure] <Xautral> y si sigues así te invoco creepers alv
[18:18:39] [Async Chat Thread - #18/INFO]: [Not Secure] <Not_Unfsiae> dejame hacer el patrocinio
[18:18:40] [Async Chat Thread - #18/INFO]: [Not Secure] <Ianzxz1132> Not_Unfsiae si qui3rew ver mi aldea dile a Xautral q te tepee ami
[18:18:53] [Async Chat Thread - #18/INFO]: [Not Secure] <Xautral> no hermandrilo
[18:18:56] [Server thread/INFO]: Xautral issued server command: /summon creeper
[18:18:56] [Server thread/INFO]: [Xautral: Summoned new Creeper]
[18:18:58] [Async Chat Thread - #18/INFO]: [Not Secure] <Xautral> no soy tu sirviente
[18:19:05] [Async Chat Thread - #17/INFO]: [Not Secure] <Ianzxz1132> jajq dale we
[18:19:10] [Async Chat Thread - #17/INFO]: [Not Secure] <Xautral> que dijimos wety
[18:19:12] [Async Chat Thread - #17/INFO]: [Not Secure] <Xautral> wey*
[18:19:19] [Async Chat Thread - #17/INFO]: [Not Secure] <Not_Unfsiae> Xautral
[18:19:19] [Server thread/INFO]: Xautral issued server command: /summon creeper
[18:19:19] [Server thread/INFO]: [Xautral: Summoned new Creeper]
[18:19:23] [Async Chat Thread - #17/INFO]: [Not Secure] <Xautral> que quieresahora
[18:19:39] [Async Chat Thread - #17/INFO]: [Not Secure] <Not_Unfsiae> de verdad, deja de spawnear creepers
[18:19:42] [Async Chat Thread - #17/INFO]: [Not Secure] <Ianzxz1132> 1/3 fallas ortograficas.
[18:19:51] [Async Chat Thread - #17/INFO]: [Not Secure] <Xautral> wey
[18:19:59] [Async Chat Thread - #17/INFO]: [Not Secure] <Ianzxz1132> wety
[18:19:59] [Async Chat Thread - #17/INFO]: [Not Secure] <Xautral> se dice "Ortográficas"
[18:20:07] [Async Chat Thread - #17/INFO]: [Not Secure] <Ianzxz1132> ajajaj bueno
[18:20:07] [Async Chat Thread - #17/INFO]: [Not Secure] <Xautral> si te pondrás de mamón ponte bien.
[18:20:15] [Async Chat Thread - #17/INFO]: [Not Secure] <Xautral> no sabes ni para que se usa el punto y coma
[18:20:21] [Async Chat Thread - #17/INFO]: [Not Secure] <Ianzxz1132> jajaja 4 golemes
[18:20:25] [Async Chat Thread - #17/INFO]: [Not Secure] <Xautral> golemes :skull:
[18:20:26] [Async Chat Thread - #17/INFO]: [Not Secure] <Ianzxz1132> xdd
[18:20:28] [Server thread/INFO]: Xautral issued server command: /summon creeper
[18:20:28] [Server thread/INFO]: [Xautral: Summoned new Creeper]
[18:20:34] [Async Chat Thread - #17/INFO]: [Not Secure] <Not_Unfsiae> Xautral
[18:20:36] [Async Chat Thread - #17/INFO]: [Not Secure] <Ianzxz1132> golem3s xd
[18:20:38] [Async Chat Thread - #17/INFO]: [Not Secure] <Xautral> ahora que wey
[18:20:41] [Async Chat Thread - #17/INFO]: [Not Secure] <Not_Unfsiae> de verdad hermano, para de una vez
[18:20:44] [Async Chat Thread - #17/INFO]: [Not Secure] <Xautral> okey suficiente
[18:20:45] [Async Chat Thread - #17/INFO]: [Not Secure] <Xautral> e lo adveri
[18:20:48] [Async Chat Thread - #17/INFO]: [Not Secure] <Not_Unfsiae> salen creepers de lugares donde hay antorchas
[18:20:49] [Async Chat Thread - #17/INFO]: [Not Secure] <Not_Unfsiae> de las paredes
[18:20:51] [Async Chat Thread - #17/INFO]: [Not Secure] <Not_Unfsiae> y del piso
[18:20:52] [Server thread/INFO]: Xautral issued server command: /execute at Not_Unfsiae run summon minecraft:lightning_bolt
[18:20:52] [Server thread/INFO]: [Xautral: Summoned new Lightning Bolt]
[18:20:53] [Server thread/INFO]: Villager Villager['Villager'/18885, uuid='8b0b5b20-07e2-4a2b-97f1-c717f406905f', l='ServerLevel[world]', x=2567.57, y=71.00, z=-3872.42, cpos=[160, -243], tl=7589, v=true] died, message: 'Villager hit the ground too hard'
[18:20:53] [Server thread/INFO]: Xautral issued server command: /execute at Not_Unfsiae run summon minecraft:lightning_boltt
[18:20:53] [Server thread/INFO]: Xautral issued server command: /execute at Not_Unfsiae run summon minecraft:lightning_boltt
[18:20:54] [Server thread/INFO]: Xautral issued server command: /execute at Not_Unfsiae run summon minecraft:lightning_boltt
[18:20:54] [Server thread/INFO]: Xautral issued server command: /execute at Not_Unfsiae run summon minecraft:lightning_boltt
[18:20:54] [Server thread/INFO]: Xautral issued server command: /execute at Not_Unfsiae run summon minecraft:lightning_boltt
[18:20:56] [Server thread/INFO]: Xautral issued server command: /execute at Not_Unfsiae run summon minecraft:lightning_boltt
[18:20:57] [Server thread/INFO]: Xautral issued server command: /execute at Not_Unfsiae run summon minecraft:lightning_bolt
[18:20:57] [Server thread/INFO]: [Xautral: Summoned new Lightning Bolt]
[18:20:57] [Server thread/INFO]: Xautral issued server command: /execute at Not_Unfsiae run summon minecraft:lightning_bolt
[18:20:57] [Server thread/INFO]: [Xautral: Summoned new Lightning Bolt]
[18:20:58] [Server thread/INFO]: Xautral issued server command: /execute at Not_Unfsiae run summon minecraft:lightning_bolt
[18:20:58] [Server thread/INFO]: [Xautral: Summoned new Lightning Bolt]
[18:20:58] [Server thread/INFO]: Xautral issued server command: /execute at Not_Unfsiae run summon minecraft:lightning_bolt
[18:20:58] [Server thread/INFO]: [Xautral: Summoned new Lightning Bolt]
[18:20:58] [Server thread/INFO]: Xautral issued server command: /execute at Not_Unfsiae run summon minecraft:lightning_bolt
[18:20:58] [Server thread/INFO]: [Xautral: Summoned new Lightning Bolt]
[18:20:58] [Server thread/INFO]: Xautral issued server command: /execute at Not_Unfsiae run summon minecraft:lightning_bolt
[18:20:58] [Server thread/INFO]: [Xautral: Summoned new Lightning Bolt]
[18:20:59] [Server thread/INFO]: Xautral issued server command: /execute at Not_Unfsiae run summon minecraft:lightning_bolt
[18:20:59] [Server thread/INFO]: [Xautral: Summoned new Lightning Bolt]
[18:20:59] [Server thread/INFO]: Xautral issued server command: /execute at Not_Unfsiae run summon minecraft:lightning_bolt
[18:20:59] [Server thread/INFO]: [Xautral: Summoned new Lightning Bolt]
[18:20:59] [Server thread/INFO]: Xautral issued server command: /execute at Not_Unfsiae run summon minecraft:lightning_bolt
[18:20:59] [Server thread/INFO]: [Xautral: Summoned new Lightning Bolt]
[18:20:59] [Server thread/INFO]: Xautral issued server command: /execute at Not_Unfsiae run summon minecraft:lightning_bolt
[18:20:59] [Server thread/INFO]: [Xautral: Summoned new Lightning Bolt]
[18:21:00] [Server thread/INFO]: Xautral issued server command: /execute at Not_Unfsiae run summon minecraft:lightning_bolt
[18:21:00] [Server thread/INFO]: [Xautral: Summoned new Lightning Bolt]
[18:21:00] [Server thread/INFO]: Xautral issued server command: /execute at Not_Unfsiae run summon minecraft:lightning_bolt
[18:21:00] [Server thread/INFO]: [Xautral: Summoned new Lightning Bolt]
[18:21:00] [Server thread/INFO]: Xautral issued server command: /execute at Not_Unfsiae run summon minecraft:lightning_bolt
[18:21:00] [Server thread/INFO]: [Xautral: Summoned new Lightning Bolt]
[18:21:00] [Server thread/INFO]: Xautral issued server command: /execute at Not_Unfsiae run summon minecraft:lightning_bolt
[18:21:00] [Server thread/INFO]: [Xautral: Summoned new Lightning Bolt]
[18:21:00] [Server thread/INFO]: Xautral issued server command: /execute at Not_Unfsiae run summon minecraft:lightning_bolt
[18:21:00] [Server thread/INFO]: [Xautral: Summoned new Lightning Bolt]
[18:21:01] [Server thread/INFO]: Xautral issued server command: /execute at Not_Unfsiae run summon minecraft:lightning_bolt
[18:21:01] [Server thread/INFO]: [Xautral: Summoned new Lightning Bolt]
[18:21:01] [Server thread/INFO]: Xautral issued server command: /execute at Not_Unfsiae run summon minecraft:lightning_bolt
[18:21:01] [Server thread/INFO]: [Xautral: Summoned new Lightning Bolt]
[18:21:01] [Server thread/INFO]: Xautral issued server command: /execute at Not_Unfsiae run summon minecraft:lightning_bolt
[18:21:01] [Server thread/INFO]: [Xautral: Summoned new Lightning Bolt]
[18:21:01] [Server thread/INFO]: Xautral issued server command: /execute at Not_Unfsiae run summon minecraft:lightning_bolt
[18:21:01] [Server thread/INFO]: [Xautral: Summoned new Lightning Bolt]
[18:21:02] [Server thread/INFO]: Xautral issued server command: /execute at Not_Unfsiae run summon minecraft:lightning_bolt
[18:21:02] [Server thread/INFO]: [Xautral: Summoned new Lightning Bolt]
[18:21:02] [Server thread/INFO]: Xautral issued server command: /execute at Not_Unfsiae run summon minecraft:lightning_bolt
[18:21:02] [Server thread/INFO]: [Xautral: Summoned new Lightning Bolt]
[18:21:02] [Server thread/INFO]: Xautral issued server command: /execute at Not_Unfsiae run summon minecraft:lightning_bolt
[18:21:02] [Server thread/INFO]: [Xautral: Summoned new Lightning Bolt]
[18:21:02] [Server thread/INFO]: Not_Unfsiae lost connection: Disconnected
[18:21:02] [Server thread/INFO]: [Realm of Souls] Not_Unfsiae left the game
[18:21:02] [Server thread/INFO]: Xautral issued server command: /execute at Not_Unfsiae run summon minecraft:lightning_bolt
[18:21:03] [Server thread/INFO]: Xautral issued server command: /execute at Not_Unfsiae run summon minecraft:lightning_bolt
[18:21:03] [Server thread/INFO]: Xautral issued server command: /execute at Not_Unfsiae run summon minecraft:lightning_bolt
[18:21:09] [Async Chat Thread - #17/INFO]: [Not Secure] <Xautral> como mama ese wey
[18:21:10] [Server thread/INFO]: [Xautral: Set own game mode to Creative Mode]
[18:21:18] [Async Chat Thread - #17/INFO]: [Not Secure] <Xautral> si o o
[18:21:20] [Async Chat Thread - #17/INFO]: [Not Secure] <Xautral> si o no
[18:21:46] [User Authenticator #5/INFO]: UUID of player Not_Unfsiae is 10e07846-5855-337b-8e82-8e8923e7f660
[18:21:47] [Server thread/INFO]: [Realm of Souls] Not_Unfsiae joined the game
[18:21:47] [Server thread/INFO]: Not_Unfsiae[/127.86.216.191:36651] logged in with entity id 20817 at ([world]212.69999998807907, -48.0, 158.30000001192093)
[18:21:57] [Async Chat Thread - #17/INFO]: [Not Secure] <Xautral> vas a dejar de joder?
[18:21:57] [Server thread/INFO]: [Xautral: Set own game mode to Spectator Mode]
[18:22:09] [Async Chat Thread - #17/INFO]: [Not Secure] <Xautral> SI O NO
[18:22:20] [Async Chat Thread - #17/INFO]: [Not Secure] <Xautral> no?
[18:22:23] [Async Chat Thread - #17/INFO]: [Not Secure] <Ianzxz1132> NO
[18:22:25] [Server thread/INFO]: Xautral issued server command: /execute at Not_Unfsiae run summon minecraft:lightning_bolt
[18:22:25] [Server thread/INFO]: [Xautral: Summoned new Lightning Bolt]
[18:22:25] [Server thread/INFO]: Xautral issued server command: /execute at Not_Unfsiae run summon minecraft:lightning_bolt
[18:22:25] [Server thread/INFO]: [Xautral: Summoned new Lightning Bolt]
[18:22:25] [Server thread/INFO]: Xautral issued server command: /execute at Not_Unfsiae run summon minecraft:lightning_bolt
[18:22:25] [Server thread/INFO]: [Xautral: Summoned new Lightning Bolt]
[18:22:40] [Server thread/INFO]: Xautral issued server command: /effect give @e[type=wolf] minecraft:regeneration 2255 25 false
[18:22:40] [Server thread/INFO]: [Xautral: Applied effect Regeneration to 17 targets]
[18:22:44] [Server thread/INFO]: Ianzxz1132 lost connection: Disconnected
[18:22:44] [Server thread/INFO]: [Roman Nation] Ianzxz1132 left the game
[18:22:45] [Async Chat Thread - #17/INFO]: [Not Secure] <Xautral> Not_Unfsiae
[18:22:47] [Async Chat Thread - #17/INFO]: [Not Secure] <Xautral> si o no
[18:22:55] [Async Chat Thread - #17/INFO]: [Not Secure] <Xautral> putin
[18:22:55] [Server thread/INFO]: [Xautral: Set own game mode to Creative Mode]
[18:23:07] [Async Chat Thread - #17/INFO]: [Not Secure] <Xautral> o me como todas tus cosas
[18:23:10] [Server thread/INFO]: Xautral has made the advancement [Sweet Dreams]
[18:23:18] [Async Chat Thread - #17/INFO]: [Not Secure] <Xautral> xd
[18:23:28] [Async Chat Thread - #17/INFO]: [Not Secure] <Xautral> ya pendejo o les tiro rayos a los perros
[18:23:28] [Server thread/INFO]: [Xautral: Set own game mode to Spectator Mode]
[18:23:38] [Async Chat Thread - #17/INFO]: [Not Secure] <Xautral> 10
[18:23:39] [Async Chat Thread - #17/INFO]: [Not Secure] <Xautral> 9
[18:23:41] [Async Chat Thread - #17/INFO]: [Not Secure] <Xautral> 8
[18:23:42] [Async Chat Thread - #17/INFO]: [Not Secure] <Xautral> 7
[18:23:43] [Async Chat Thread - #17/INFO]: [Not Secure] <Xautral> 6
[18:23:44] [Async Chat Thread - #17/INFO]: [Not Secure] <Xautral> 5
[18:23:45] [Async Chat Thread - #17/INFO]: [Not Secure] <Xautral> 4
[18:23:46] [Async Chat Thread - #17/INFO]: [Not Secure] <Xautral> 3
[18:23:47] [Async Chat Thread - #17/INFO]: [Not Secure] <Xautral> 2
[18:23:48] [Async Chat Thread - #17/INFO]: [Not Secure] <Not_Unfsiae> hermano, realmente es molesto que me invoques creepers
[18:23:48] [Async Chat Thread - #17/INFO]: [Not Secure] <Xautral> 1
[18:23:52] [Async Chat Thread - #17/INFO]: [Not Secure] <Not_Unfsiae> y no puedes decir que no lo haces
[18:23:56] [Async Chat Thread - #17/INFO]: [Not Secure] <Xautral> que no te invoco creepers chingada amdre
[18:23:56] [Async Chat Thread - #17/INFO]: [Not Secure] <Not_Unfsiae> porque vi como uno salio de una pared
[18:24:08] [Async Chat Thread - #17/INFO]: [Not Secure] <Xautral> haber segun tu
[18:24:13] [Async Chat Thread - #17/INFO]: [Not Secure] <Xautral> como invoco creepers de la pared
[18:24:14] [Async Chat Thread - #17/INFO]: [Not Secure] <Xautral> no mames
[18:24:18] [Async Chat Thread - #17/INFO]: [Not Secure] <Xautral> 5
[18:24:22] [Async Chat Thread - #17/INFO]: [Not Secure] <Xautral> +2
[18:24:23] [Async Chat Thread - #17/INFO]: [Not Secure] <Not_Unfsiae> esta todo iluminado y vi como un creeper salio de dentro de una pared
[18:24:23] [Async Chat Thread - #17/INFO]: [Not Secure] <Xautral> -1
[18:24:35] [Async Chat Thread - #17/INFO]: [Not Secure] <Xautral> no habrá una esquina donde hayan aparecido?
[18:24:35] [Async Chat Thread - #17/INFO]: [Not Secure] <Xautral> digo
[18:24:42] [Async Chat Thread - #17/INFO]: [Not Secure] <Xautral> estoy viendo tu base y hay esquinas donde salen
[18:24:44] [Async Chat Thread - #17/INFO]: [Not Secure] <Not_Unfsiae> crees que hay algun lugar sin iluminar?
[18:24:48] [Async Chat Thread - #18/INFO]: [Not Secure] <Xautral> si
[18:24:51] [Async Chat Thread - #18/INFO]: [Not Secure] <Xautral> la cueva de afuera
[18:24:54] [Server thread/INFO]: Xautral issued server command: /summon creeper
[18:24:54] [Server thread/INFO]: [Xautral: Summoned new Creeper]
[18:24:54] [Server thread/INFO]: Xautral issued server command: /summon creeper
[18:24:54] [Server thread/INFO]: [Xautral: Summoned new Creeper]
[18:24:55] [Server thread/INFO]: Xautral issued server command: /summon creeper
[18:24:55] [Server thread/INFO]: [Xautral: Summoned new Creeper]
[18:24:56] [Server thread/INFO]: Xautral issued server command: /summon creeper
[18:24:56] [Server thread/INFO]: [Xautral: Summoned new Creeper]
[18:24:59] [Server thread/INFO]: Xautral issued server command: /summon minecraft:zombie
[18:24:59] [Server thread/INFO]: [Xautral: Summoned new Zombie]
[18:24:59] [Server thread/INFO]: Xautral issued server command: /summon minecraft:zombie
[18:24:59] [Server thread/INFO]: [Xautral: Summoned new Zombie]
[18:24:59] [Async Chat Thread - #18/INFO]: [Not Secure] <Not_Unfsiae> esta todo cerrado
[18:25:00] [Server thread/INFO]: Xautral issued server command: /summon minecraft:zombie
[18:25:00] [Server thread/INFO]: [Xautral: Summoned new Zombie]
[18:25:00] [Server thread/INFO]: Xautral issued server command: /summon minecraft:zombie
[18:25:00] [Server thread/INFO]: [Xautral: Summoned new Zombie]
[18:25:00] [Server thread/INFO]: Xautral issued server command: /summon minecraft:zombie
[18:25:00] [Server thread/INFO]: [Xautral: Summoned new Zombie]
[18:25:02] [Async Chat Thread - #18/INFO]: [Not Secure] <Xautral> no wey
[18:25:04] [Async Chat Thread - #18/INFO]: [Not Secure] <Not_Unfsiae> no pueden atravesar paredes naturalmente
[18:25:09] [Async Chat Thread - #18/INFO]: [Not Secure] <Xautral> pus nos e wey
[18:25:17] [Server thread/INFO]: [Xautral: Set own game mode to Creative Mode]
[18:25:22] [Server thread/INFO]: [Xautral: Set own game mode to Spectator Mode]
[18:25:27] [Async Chat Thread - #18/INFO]: [Not Secure] <Xautral> aqui veo otra cosa
[18:25:30] [Server thread/INFO]: Xautral issued server command: /summon minecraft:skeleton
[18:25:30] [Server thread/INFO]: [Xautral: Summoned new Skeleton]
[18:25:30] [Server thread/INFO]: Xautral issued server command: /summon minecraft:skeleton
[18:25:30] [Server thread/INFO]: [Xautral: Summoned new Skeleton]
[18:25:31] [Server thread/INFO]: Xautral issued server command: /summon minecraft:skeleton
[18:25:31] [Server thread/INFO]: [Xautral: Summoned new Skeleton]
[18:25:31] [Server thread/INFO]: Xautral issued server command: /summon minecraft:skeleton
[18:25:31] [Server thread/INFO]: [Xautral: Summoned new Skeleton]
[18:25:34] [Async Chat Thread - #18/INFO]: [Not Secure] <Xautral> buenow
[18:25:38] [Async Chat Thread - #18/INFO]: [Not Secure] <Not_Unfsiae> literalmente te vi el nombre :V
[18:25:38] [Async Chat Thread - #18/INFO]: [Not Secure] <Xautral> moraleja: si
[18:25:40] [Async Chat Thread - #18/INFO]: [Not Secure] <Xautral> si
[18:25:44] [Async Chat Thread - #18/INFO]: [Not Secure] <Xautral> porque estoy checando la cueva cabron
[18:25:51] [Async Chat Thread - #18/INFO]: [Not Secure] <Xautral> por algo dije "aqui veo otra cosa"
[18:25:57] [Async Chat Thread - #18/INFO]: [Not Secure] <Xautral> ya wey deja la psicosis
[18:26:02] [Async Chat Thread - #18/INFO]: [Not Secure] <Xautral> no existen
[18:26:05] [Async Chat Thread - #18/INFO]: [Not Secure] <Xautral> son los papás
[18:26:05] [Async Chat Thread - #18/INFO]: [Not Secure] <Not_Unfsiae> con tal de que no spawnees mas creepers esta bien
[18:26:10] [Async Chat Thread - #18/INFO]: [Not Secure] <Xautral> como chingas
[18:26:18] [Server thread/INFO]: Xautral issued server command: /execute at @e[type=wolf] run summon minecraft:lightning_bolt
[18:26:18] [Server thread/INFO]: [Xautral: Summoned new Lightning Bolt]
[18:26:18] [Server thread/INFO]: [Xautral: Summoned new Lightning Bolt]
[18:26:18] [Server thread/INFO]: [Xautral: Summoned new Lightning Bolt]
[18:26:18] [Server thread/INFO]: [Xautral: Summoned new Lightning Bolt]
[18:26:18] [Server thread/INFO]: [Xautral: Summoned new Lightning Bolt]
[18:26:18] [Server thread/INFO]: [Xautral: Summoned new Lightning Bolt]
[18:26:18] [Server thread/INFO]: [Xautral: Summoned new Lightning Bolt]
[18:26:18] [Server thread/INFO]: [Xautral: Summoned new Lightning Bolt]
[18:26:18] [Server thread/INFO]: [Xautral: Summoned new Lightning Bolt]
[18:26:18] [Server thread/INFO]: [Xautral: Summoned new Lightning Bolt]
[18:26:18] [Server thread/INFO]: [Xautral: Summoned new Lightning Bolt]
[18:26:18] [Server thread/INFO]: [Xautral: Summoned new Lightning Bolt]
[18:26:18] [Server thread/INFO]: [Xautral: Summoned new Lightning Bolt]
[18:26:18] [Server thread/INFO]: [Xautral: Summoned new Lightning Bolt]
[18:26:18] [Server thread/INFO]: [Xautral: Summoned new Lightning Bolt]
[18:26:18] [Server thread/INFO]: [Xautral: Summoned new Lightning Bolt]
[18:26:18] [Server thread/INFO]: [Xautral: Summoned new Lightning Bolt]
[18:26:24] [Async Chat Thread - #18/INFO]: [Not Secure] <Xautral> que te dije wey
[18:26:36] [Async Chat Thread - #18/INFO]: [Not Secure] <Xautral> bueno y
[18:26:37] [Async Chat Thread - #18/INFO]: [Not Secure] <Xautral> ya
[18:26:40] [Async Chat Thread - #18/INFO]: [Not Secure] <Xautral> afk
[18:27:56] [Async Chat Thread - #19/INFO]: [Not Secure] <Not_Unfsiae> hermano, de verdad me quiere explotar to
[18:28:01] [Async Chat Thread - #19/INFO]: [Not Secure] <Xautral> porque los subtitulos dicen "zombie gime"?
[18:28:05] [Async Chat Thread - #19/INFO]: [Not Secure] <Not_Unfsiae> ni idea
[18:34:31] [Async Chat Thread - #21/INFO]: [Not Secure] <Xautral> bro me mori por energía kinética
[18:34:35] [Async Chat Thread - #21/INFO]: [Not Secure] <Not_Unfsiae> :V
[18:35:02] [Server thread/INFO]: Xautral lost connection: Timed out
[18:35:02] [Server thread/INFO]: Xautral left the game
[18:36:56] [Async Chat Thread - #23/INFO]: [Not Secure] <Not_Unfsiae> afk
[18:39:20] [User Authenticator #6/INFO]: UUID of player Xautral is 86f4fd4a-173d-3e06-a1bf-669194d778d7
[18:39:26] [Server thread/INFO]: Xautral joined the game
[18:39:26] [Server thread/INFO]: Xautral[/127.64.171.42:54009] logged in with entity id 22695 at ([world]214.6852807013996, -47.0, 146.59421159694878)
[18:39:42] [Async Chat Thread - #25/INFO]: [Not Secure] <Xautral> lo siento se me trabo la pc
[18:41:46] [Async Chat Thread - #27/INFO]: [Not Secure] <Not_Unfsiae> volvi
[18:42:08] [Async Chat Thread - #27/INFO]: [Not Secure] <Not_Unfsiae> Xautral
[18:42:11] [Async Chat Thread - #27/INFO]: [Not Secure] <Not_Unfsiae> puedo pedirte algo?
[18:42:23] [Async Chat Thread - #27/INFO]: [Not Secure] <Not_Unfsiae> te puedo cambiar 12 diamantes por 40 de tierra?
[18:43:52] [Async Chat Thread - #29/INFO]: [Not Secure] <Xautral> no
[18:43:54] [Async Chat Thread - #29/INFO]: [Not Secure] <Xautral> oye que pedo
[18:43:56] [Async Chat Thread - #29/INFO]: [Not Secure] <Xautral> estaba jugando pvp elytra
[18:43:57] [Async Chat Thread - #29/INFO]: [Not Secure] <Xautral> y un wey
[18:43:59] [Async Chat Thread - #29/INFO]: [Not Secure] <Xautral> desde eljos
[18:44:05] [Async Chat Thread - #29/INFO]: [Not Secure] <Xautral> me mató
[18:44:06] [Async Chat Thread - #29/INFO]: [Not Secure] <Xautral> alv
[18:44:07] [Async Chat Thread - #29/INFO]: [Not Secure] <Not_Unfsiae> :V
[18:44:11] [Async Chat Thread - #29/INFO]: [Not Secure] <Not_Unfsiae> en que sv?
[18:44:13] [Async Chat Thread - #29/INFO]: [Not Secure] <Xautral> vi con mis ojos como el hdp me miro y me mató
[18:44:15] [Async Chat Thread - #29/INFO]: [Not Secure] <Xautral> en blot w
[18:44:17] [Async Chat Thread - #29/INFO]: [Not Secure] <Xautral> es nuevo
[18:44:19] [Async Chat Thread - #29/INFO]: [Not Secure] <Not_Unfsiae> a ver
[18:44:21] [Async Chat Thread - #29/INFO]: [Not Secure] <Not_Unfsiae> podemos ir?
[18:44:22] [Async Chat Thread - #29/INFO]: [Not Secure] <Xautral> tenía 0 derrotas y 0 victorias
[18:44:26] [Async Chat Thread - #29/INFO]: [Not Secure] <Xautral> ya para que wey
[18:44:31] [Async Chat Thread - #29/INFO]: [Not Secure] <Not_Unfsiae> porque nunca jugue :V
[18:44:31] [Async Chat Thread - #29/INFO]: [Not Secure] <Xautral> ya sabes qu eesos weyes siempre te toxiquean
[18:44:39] [Async Chat Thread - #29/INFO]: [Not Secure] <Xautral> es que en pvp elytra es facil amta
[18:44:42] [Async Chat Thread - #29/INFO]: [Not Secure] <Xautral> pero necesitas putnería
[18:44:44] [Async Chat Thread - #29/INFO]: [Not Secure] <Not_Unfsiae> si alguien es toxico es porque es malisimo
[18:44:48] [Async Chat Thread - #30/INFO]: [Not Secure] <Xautral> y como el aimbot no sirv
[18:44:54] [Async Chat Thread - #30/INFO]: [Not Secure] <Xautral> supongo que usó killaura
[18:44:58] [Async Chat Thread - #30/INFO]: [Not Secure] <Xautral> porquwe el wey me miro
[18:45:11] [Async Chat Thread - #30/INFO]: [Not Secure] <Xautral> vi como incluso estandoa 10 bloques en movimiento en elytra en direccion contraria
[18:45:13] [Async Chat Thread - #30/INFO]: [Not Secure] <Xautral> me mató
[18:45:39] [Async Chat Thread - #30/INFO]: [Not Secure] <Xautral> pero me mato tan pínche rapido
[18:45:49] [Async Chat Thread - #29/INFO]: [Not Secure] <Xautral> me obstruyó totem
[18:45:51] [Async Chat Thread - #30/INFO]: [Not Secure] <Xautral> es imposible avl
[18:45:53] [Async Chat Thread - #30/INFO]: [Not Secure] <Xautral> alv*
[18:46:08] [Async Chat Thread - #30/INFO]: [Not Secure] <Not_Unfsiae> :V
[18:47:13] [Async Chat Thread - #31/INFO]: [Not Secure] <Not_Unfsiae> me diste ganas de probarlo
[18:47:14] [Async Chat Thread - #31/INFO]: [Not Secure] <Not_Unfsiae> ya vengo
[18:47:16] [Server thread/INFO]: Not_Unfsiae lost connection: Disconnected
[18:47:16] [Server thread/INFO]: [Realm of Souls] Not_Unfsiae left the game
[18:51:27] [Server thread/INFO]: Unknown or incomplete command, see below for error
aaa<--[HERE]
[19:05:24] [User Authenticator #7/INFO]: UUID of player Hzon0 is 202ab9fa-bfc5-3ac8-a494-298602957b5e
[19:05:25] [Server thread/INFO]: Hzon0 joined the game
[19:05:25] [Server thread/INFO]: Hzon0[/127.73.189.254:50415] logged in with entity id 23355 at ([world]-224.5, 63.0, -196.5)
[19:05:40] [Async Chat Thread - #33/INFO]: [Not Secure] <Hzon0> olas
[19:06:39] [Server thread/INFO]: Hzon0 has made the advancement [Stone Age]
[19:06:50] [Server thread/INFO]: Hzon0 has made the advancement [Getting an Upgrade]
[19:07:37] [Async Chat Thread - #35/INFO]: [Not Secure] <Xautral> hol
[19:07:39] [Async Chat Thread - #35/INFO]: [Not Secure] <Xautral> disculp
[19:07:41] [Async Chat Thread - #35/INFO]: [Not Secure] <Xautral> andaba ocupado
[19:07:46] [Async Chat Thread - #35/INFO]: [Not Secure] <Xautral> queires hacer una civ o unirte?
[19:08:52] [Async Chat Thread - #37/INFO]: [Not Secure] <Hzon0> hago mi civ
[19:10:08] [Async Chat Thread - #39/INFO]: [Not Secure] <Xautral> okey
[19:10:09] [Async Chat Thread - #39/INFO]: [Not Secure] <Xautral> nobmre?
[19:10:10] [Server thread/INFO]: Hzon0 has made the advancement [Monster Hunter]
[19:10:10] [Async Chat Thread - #39/INFO]: [Not Secure] <Xautral> y color
[19:10:11] [User Authenticator #8/INFO]: UUID of player ImNotSofia_ is c48aa613-e4f1-3a01-ac18-187b0cc824f5
[19:10:11] [Server thread/INFO]: ImNotSofia_ joined the game
[19:10:11] [Server thread/INFO]: ImNotSofia_[/127.58.217.103:49135] logged in with entity id 24039 at ([world]-228.5, 63.0, -199.5)
[19:10:17] [Async Chat Thread - #39/INFO]: [Not Secure] <Hzon0> DOKU verde
[19:10:26] [Async Chat Thread - #39/INFO]: [Not Secure] <Xautral> rango?
[19:10:33] [Async Chat Thread - #39/INFO]: [Not Secure] <Hzon0> yks
[19:10:34] [Async Chat Thread - #39/INFO]: [Not Secure] <Xautral> los rangos son esosde kingdoms, republic, etc
[19:10:48] [Async Chat Thread - #39/INFO]: [Not Secure] <Hzon0> cualquiera{
[19:10:48] [Async Chat Thread - #39/INFO]: [Not Secure] <Xautral> hola ImNotSofia_
[19:10:53] [Server thread/INFO]: Xautral issued server command: /loot give @a loot minecraft:chests/end_city_treasure
[19:10:53] [Server thread/INFO]: Hzon0 has made the advancement [Suit Up]
[19:10:53] [Server thread/INFO]: Hzon0 has made the advancement [Cover Me with Diamonds]
[19:10:53] [Server thread/INFO]: ImNotSofia_ has made the advancement [Suit Up]
[19:10:53] [Server thread/INFO]: ImNotSofia_ has made the advancement [Cover Me with Diamonds]
[19:10:53] [Server thread/INFO]: Xautral issued server command: /loot give @a loot minecraft:chests/end_city_treasure
[19:10:54] [Server thread/INFO]: Xautral issued server command: /loot give @a loot minecraft:chests/end_city_treasure
[19:10:57] [Server thread/INFO]: ImNotSofia_ issued server command: /skin Hearts4Chloe
[19:11:00] [Server thread/INFO]: Xautral issued server command: /loot give @a loot minecraft:chests/spawn_bonus_chest
[19:11:00] [Server thread/INFO]: Xautral issued server command: /loot give @a loot minecraft:chests/spawn_bonus_chest
[19:11:00] [Server thread/INFO]: Xautral issued server command: /loot give @a loot minecraft:chests/spawn_bonus_chest
[19:11:00] [Server thread/INFO]: Xautral issued server command: /loot give @a loot minecraft:chests/spawn_bonus_chest
[19:11:00] [Server thread/INFO]: Xautral issued server command: /loot give @a loot minecraft:chests/spawn_bonus_chest
[19:13:10] [Async Chat Thread - #41/INFO]: [Not Secure] <Xautral> Hzon0
[19:13:11] [Async Chat Thread - #41/INFO]: [Not Secure] <Xautral> rango?
[19:13:13] [Server thread/INFO]: Xautral issued server command: /tp Hzon0
[19:13:13] [Server thread/INFO]: [Xautral: Teleported Xautral to Hzon0]
[19:13:17] [Async Chat Thread - #41/INFO]: [Not Secure] <Hzon0> kingdoms
[19:14:48] [Async Chat Thread - #44/INFO]: [Not Secure] <Xautral> y tu ImNotSofia_?
[19:14:50] [Async Chat Thread - #44/INFO]: [Not Secure] <Xautral> unrite o hacer
[19:14:55] [Async Chat Thread - #44/INFO]: [Not Secure] <ImNotSofia_> wue cosa
[19:14:59] [Async Chat Thread - #44/INFO]: [Not Secure] <ImNotSofia_> que*
[19:15:20] [Async Chat Thread - #44/INFO]: [Not Secure] <ImNotSofia_> nose
[19:16:05] [Server thread/INFO]: ImNotSofia_ has made the advancement [Stone Age]
[19:16:29] [Async Chat Thread - #45/INFO]: [Not Secure] <Xautral> unirte o hacer?
[19:16:31] [Server thread/INFO]: Xautral issued server command: /tp ImNotSofia_
[19:16:31] [Server thread/INFO]: [Xautral: Teleported Xautral to ImNotSofia_]
[19:16:33] [Async Chat Thread - #45/INFO]: [Not Secure] <Xautral> una civ
[19:16:52] [Server thread/INFO]: ImNotSofia_ has made the advancement [Monster Hunter]
[19:16:55] [Server thread/INFO]: Xautral issued server command: /team add Doku {"text":"Doku","color":"dark_green"}
[19:16:55] [Server thread/INFO]: [Xautral: Created team [Doku]]
[19:17:03] [Async Chat Thread - #45/INFO]: [Not Secure] <ImNotSofia_> unir
[19:17:56] [Netty Epoll Server IO #2/INFO]: Disconnecting Xautral for sending keepalive response (13340530) out-of-order!
[19:17:56] [Server thread/INFO]: Xautral lost connection: Timed out
[19:17:56] [Server thread/INFO]: Xautral left the game
[19:18:23] [User Authenticator #9/INFO]: UUID of player Xautral is 86f4fd4a-173d-3e06-a1bf-669194d778d7
[19:18:30] [Server thread/INFO]: ImNotSofia_ has made the advancement [We Need to Go Deeper]
[19:18:32] [Server thread/INFO]: Xautral joined the game
[19:18:32] [Server thread/INFO]: Xautral[/127.64.171.42:51157] logged in with entity id 25953 at ([world]-320.7362378498087, 65.0, -158.9223353425095)
[19:19:18] [Server thread/INFO]: Xautral issued server command: /team modify Doku prefix {"text":"[Doku Kingdom] ","color":"dark_green"}
[19:19:26] [Async Chat Thread - #47/INFO]: [Not Secure] <Xautral> ImNotSofia_ te unes a Hzon0?
[19:19:34] [Server thread/INFO]: Hzon0 has made the advancement [Acquire Hardware]
[19:19:42] [Async Chat Thread - #47/INFO]: [Not Secure] <ImNotSofia_> si?
[19:19:47] [Server thread/INFO]: Xautral issued server command: /team join Doku Hzon0
[19:19:47] [Server thread/INFO]: [Xautral: Added [Doku Kingdom] Hzon0 to team [Doku]]
[19:19:49] [Async Chat Thread - #47/INFO]: [Not Secure] <Xautral> como que "si?"
[19:19:52] [Async Chat Thread - #47/INFO]: [Not Secure] <Xautral> estas segura si o no
[19:20:02] [Async Chat Thread - #47/INFO]: [Not Secure] <ImNotSofia_> si
[19:20:04] [Async Chat Thread - #47/INFO]: [Not Secure] <Xautral> okey
[19:20:08] [Server thread/INFO]: Xautral issued server command: /tp ImNotSofia_ Hzon0
[19:20:08] [Server thread/INFO]: [Xautral: Teleported ImNotSofia_ to [Doku Kingdom] Hzon0]
[19:20:19] [Async Chat Thread - #47/INFO]: [Not Secure] <Hzon0> tm m asuste
[19:20:19] [Server thread/INFO]: Xautral issued server command: /team join Doku i
[19:20:19] [Server thread/INFO]: [Xautral: Added i to team [Doku]]
[19:20:21] [Server thread/INFO]: Xautral issued server command: /team join Doku ImNotSofia_
[19:20:21] [Server thread/INFO]: [Xautral: Added [Doku Kingdom] ImNotSofia_ to team [Doku]]
[19:20:23] [Async Chat Thread - #47/INFO]: [Not Secure] <Xautral> vale
[19:20:26] [Async Chat Thread - #47/INFO]: [Not Secure] <Xautral> Hzon0 como eres el ldier
[19:20:30] [Async Chat Thread - #47/INFO]: [Not Secure] <Xautral> priemr paso serpá encontrar una base
[19:20:35] [Async Chat Thread - #47/INFO]: [Not Secure] <Hzon0> SE
[19:20:35] [Async Chat Thread - #47/INFO]: [Not Secure] <Xautral> me avisas cuadndo lo hagas
[19:20:37] [Async Chat Thread - #47/INFO]: [Not Secure] <Hzon0> ok
[19:20:40] [Async Chat Thread - #47/INFO]: [Not Secure] <Xautral> como las raids de bases eestan activadas
[19:20:45] [Async Chat Thread - #47/INFO]: [Not Secure] <Xautral> busca un lugar alejado
[19:20:52] [Async Chat Thread - #47/INFO]: [Not Secure] <Hzon0> se
[19:21:14] [Server thread/INFO]: Xautral issued server command: /tp ImNotSofia_
[19:21:14] [Server thread/INFO]: [Xautral: Teleported Xautral to [Doku Kingdom] ImNotSofia_]
[19:21:36] [Server thread/INFO]: [Doku Kingdom] Hzon0 has made the advancement [Diamonds!]
[19:22:12] [Server thread/INFO]: [Doku Kingdom] ImNotSofia_ has made the advancement [Diamonds!]
[19:22:43] [Async Chat Thread - #49/INFO]: [Not Secure] <Hzon0> cuantos chunks de render tiene el sv
[19:22:51] [Async Chat Thread - #49/INFO]: [Not Secure] <Xautral> nose
[19:22:54] [Async Chat Thread - #49/INFO]: [Not Secure] <Hzon0> XD
[19:22:54] [Async Chat Thread - #49/INFO]: [Not Secure] <Xautral> se me olvido :Vvv
[19:22:59] [Async Chat Thread - #49/INFO]: [Not Secure] <Hzon0> okok
[19:23:29] [Async Chat Thread - #49/INFO]: [Not Secure] <Xautral> ni se nota que soy el owner verdad?
[19:23:33] [Server thread/INFO]: Xautral issued server command: /tp Hzon0
[19:23:33] [Server thread/INFO]: [Xautral: Teleported Xautral to [Doku Kingdom] Hzon0]
[19:23:36] [Async Chat Thread - #49/INFO]: [Not Secure] <Hzon0> ni s nota
[19:23:55] [Server thread/INFO]: Hzon0 issued server command: /rtp
[19:27:13] [Server thread/INFO]: [Doku Kingdom] Hzon0 was slain by Zombie
[19:27:13] [Server thread/INFO]: [Doku Kingdom] ImNotSofia_ drowned
[19:27:15] [Async Chat Thread - #51/INFO]: [Not Secure] <Hzon0> XD
[19:27:17] [Async Chat Thread - #51/INFO]: [Not Secure] <ImNotSofia_> hahajaja
[19:27:31] [Server thread/INFO]: ImNotSofia_ issued server command: /bavk
[19:27:39] [Async Chat Thread - #51/INFO]: [Not Secure] <Xautral> diferentes muertes
[19:27:40] [Async Chat Thread - #51/INFO]: [Not Secure] <Xautral> mismo tiempo
[19:27:44] [Server thread/INFO]: Xautral issued server command: /tp @e[type=item] @
[19:27:46] [Server thread/INFO]: Xautral issued server command: /tp @e[type=item] @r
[19:27:46] [Server thread/INFO]: [Xautral: Teleported 113 entities to [Doku Kingdom] ImNotSofia_]
[19:27:46] [Server thread/INFO]: [Doku Kingdom] ImNotSofia_ has made the advancement [Acquire Hardware]
[19:27:48] [Server thread/INFO]: Xautral issued server command: /tp ImNotSofia_
[19:27:48] [Server thread/INFO]: [Xautral: Teleported Xautral to [Doku Kingdom] ImNotSofia_]
[19:27:56] [Async Chat Thread - #51/INFO]: [Not Secure] <Xautral> a´hí compartele a tu lider
[19:28:07] [Async Chat Thread - #51/INFO]: [Not Secure] <Hzon0> ya m fui lejos
[19:32:20] [Async Chat Thread - #53/INFO]: [Not Secure] <ImNotSofia_> matar es legal?
[19:33:02] [Async Chat Thread - #53/INFO]: [Not Secure] <Hzon0> Xautral
[19:33:13] [Async Chat Thread - #53/INFO]: [Not Secure] <Xautral> si
[19:33:14] [Async Chat Thread - #53/INFO]: [Not Secure] <Xautral> que
[19:33:29] [Async Chat Thread - #53/INFO]: [Not Secure] <Hzon0> ayuda viendo dnd tan las cosas
[19:33:56] [Async Chat Thread - #53/INFO]: [Not Secure] <ImNotSofia_> como se craftea el yunque?jahaja
[19:35:24] [Server thread/INFO]: Xautral lost connection: Timed out
[19:35:24] [Server thread/INFO]: Xautral left the game
[19:35:36] [Server thread/INFO]: [Doku Kingdom] Hzon0 tried to swim in lava
[19:35:41] [Async Chat Thread - #55/INFO]: [Not Secure] <ImNotSofia_> jaajsgskahaka
[19:35:47] [Async Chat Thread - #55/INFO]: [Not Secure] <Hzon0> m dio weba subir
[19:35:56] [Async Chat Thread - #55/INFO]: [Not Secure] <ImNotSofia_> pasa
[19:35:59] [Async Chat Thread - #55/INFO]: [Not Secure] <ImNotSofia_> aca ven
[19:36:08] [Async Chat Thread - #55/INFO]: [Not Secure] <ImNotSofia_> no te muevaa
[19:36:14] [Async Chat Thread - #55/INFO]: [Not Secure] <Hzon0> wolas
[19:37:12] [Async Chat Thread - #55/INFO]: [Not Secure] <Hzon0> nkius
[19:37:18] [Async Chat Thread - #55/INFO]: [Not Secure] <ImNotSofia_> agarra cosas de aqui
[19:37:21] [Async Chat Thread - #55/INFO]: [Not Secure] <Hzon0> oki
[19:37:24] [Async Chat Thread - #55/INFO]: [Not Secure] <ImNotSofia_> no tengo espacio
[19:37:29] [Async Chat Thread - #55/INFO]: [Not Secure] <ImNotSofia_> y me movere
[19:38:01] [Async Chat Thread - #55/INFO]: [Not Secure] <Hzon0> ordene los cores xq m daba toc
[19:38:18] [Server thread/INFO]: [Doku Kingdom] Hzon0 was shot by Skeleton
[19:38:23] [Async Chat Thread - #56/INFO]: [Not Secure] <Hzon0> cuanto pegan xd
[19:38:56] [Async Chat Thread - #56/INFO]: [Not Secure] <ImNotSofia_> buscare 1 aldea o algo asi
[19:38:59] [Async Chat Thread - #56/INFO]: [Not Secure] <Hzon0> ok
[19:39:01] [Async Chat Thread - #56/INFO]: [Not Secure] <ImNotSofia_> vienes?
[19:39:27] [Async Chat Thread - #56/INFO]: [Not Secure] <Hzon0> voy pal otro lado pa encontrar mas rapido
[19:41:34] [Server thread/INFO]: [Doku Kingdom] ImNotSofia_ was blown up by Creeper
[19:41:50] [Async Chat Thread - #57/INFO]: [Not Secure] <Hzon0> kabom?
[19:42:02] [User Authenticator #10/INFO]: UUID of player Xautral is 86f4fd4a-173d-3e06-a1bf-669194d778d7
[19:42:07] [Server thread/INFO]: Xautral joined the game
[19:42:07] [Server thread/INFO]: Xautral[/127.64.171.42:46757] logged in with entity id 31963 at ([world]-250.6919876882723, 75.1212968405392, -244.31332230234838)
[19:42:27] [Async Chat Thread - #57/INFO]: [Not Secure] <ImNotSofia_> comidaaa
[19:42:32] [Async Chat Thread - #57/INFO]: [Not Secure] <Xautral> es mejor tener pajaro en mano a que te metan el banano
[19:42:39] [Async Chat Thread - #57/INFO]: [Not Secure] <Hzon0> xd
[19:42:41] [Server thread/INFO]: Xautral issued server command: /tp Hzon0
[19:42:41] [Server thread/INFO]: [Xautral: Teleported Xautral to [Doku Kingdom] Hzon0]
[19:42:50] [Async Chat Thread - #57/INFO]: [Not Secure] <Hzon0> con eso quieres decir q t metieron un banano oq?
[19:43:04] [Async Chat Thread - #57/INFO]: [Not Secure] <ImNotSofia_> comidaaa
[19:43:17] [Server thread/INFO]: [Doku Kingdom] Hzon0 has made the advancement [Voluntary Exile]
[19:43:22] [Server thread/INFO]: Xautral issued server command: /give @a lodestone
[19:43:22] [Server thread/INFO]: [Xautral: Gave 1 [Lodestone] to 3]
[19:43:28] [Server thread/INFO]: Xautral issued server command: /give @a compass
[19:43:28] [Server thread/INFO]: [Xautral: Gave 1 [Compass] to 3]
[19:45:16] [Async Chat Thread - #59/INFO]: [Not Secure] <Xautral> Hzon0 te tepeo a ImNotSofia_?
[19:45:23] [Server thread/INFO]: Xautral issued server command: /effect give @a minecraft:saturation 25565 25 false
[19:45:23] [Server thread/INFO]: [Xautral: Applied effect Saturation to 3 targets]
[19:46:34] [Async Chat Thread - #61/INFO]: [Not Secure] <Xautral> si o no wey
[19:46:47] [Async Chat Thread - #61/INFO]: [Not Secure] <ImNotSofia_> ooo
[19:47:03] [Async Chat Thread - #61/INFO]: [Not Secure] <Xautral> o que
[19:47:54] [Async Chat Thread - #61/INFO]: [Not Secure] <ImNotSofia_> ya vengo
[19:47:56] [Server thread/INFO]: ImNotSofia_ lost connection: Disconnected
[19:47:56] [Server thread/INFO]: [Doku Kingdom] ImNotSofia_ left the game
[19:49:31] [Async Chat Thread - #64/INFO]: [Not Secure] <Xautral> e we
[19:49:34] [Async Chat Thread - #64/INFO]: [Not Secure] <Hzon0> q
[19:49:35] [Async Chat Thread - #64/INFO]: [Not Secure] <Xautral> patrocina tu civilizacion
[19:49:37] [Async Chat Thread - #64/INFO]: [Not Secure] <Xautral> en #_recursos
[19:49:48] [Async Chat Thread - #64/INFO]: [Not Secure] <Hzon0> ma luego
[19:50:05] [Async Chat Thread - #64/INFO]: [Not Secure] <Hzon0> ya ahi una civ avanzada o ninguna¡
[19:50:08] [Async Chat Thread - #64/INFO]: [Not Secure] <Hzon0> ?
[19:50:39] [Async Chat Thread - #64/INFO]: [Not Secure] <Xautral> medio
[19:50:43] [Async Chat Thread - #64/INFO]: [Not Secure] <Xautral> nadie lleva full netherite
[19:50:46] [Async Chat Thread - #64/INFO]: [Not Secure] <Xautral> pero algunos ya pasaron el end
[19:50:52] [Async Chat Thread - #64/INFO]: [Not Secure] <Hzon0> mm
[19:50:53] [Async Chat Thread - #64/INFO]: [Not Secure] <Hzon0> oki
[19:52:13] [Server thread/INFO]: [Doku Kingdom] Hzon0 has made the advancement [We Need to Go Deeper]
[19:53:16] [Netty Epoll Server IO #3/INFO]: Disconnecting Xautral for sending keepalive response (15459834) out-of-order!
[19:53:16] [Server thread/INFO]: Xautral lost connection: Timed out
[19:53:16] [Server thread/INFO]: Xautral left the game
[19:53:47] [User Authenticator #11/INFO]: UUID of player Xautral is 86f4fd4a-173d-3e06-a1bf-669194d778d7
[19:53:57] [Server thread/INFO]: Xautral joined the game
[19:53:57] [Server thread/INFO]: Xautral[/127.64.171.42:50295] logged in with entity id 36683 at ([world_nether]-1.7257182314718582, 50.0, -151.95678796329327)
[19:55:17] [Server thread/INFO]: Xautral issued server command: /tellraw @a {"text":"Notch se ha unido a la partida","color":"yellow"}
[19:55:22] [Server thread/INFO]: Xautral issued server command: /tellraw @a {"text":"Notch se abandonó la partida","color":"yellow"}
[19:55:29] [Server thread/INFO]: Xautral issued server command: /tp @r
[19:55:29] [Server thread/INFO]: [Xautral: Teleported Xautral to [Doku Kingdom] Hzon0]
[19:55:37] [Async Chat Thread - #65/INFO]: [Not Secure] <Hzon0> santos bacalaos es el jefe ;talk
[19:57:14] [Async Chat Thread - #67/INFO]: [Not Secure] <Xautral> ya volvi
[19:57:15] [Async Chat Thread - #67/INFO]: [Not Secure] <Xautral> wtf
[19:57:16] [Async Chat Thread - #67/INFO]: [Not Secure] <Xautral> como que notch
[19:57:17] [Server thread/INFO]: [Doku Kingdom] Hzon0 has made the advancement [Sweet Dreams]
[19:57:19] [Async Chat Thread - #67/INFO]: [Not Secure] <Hzon0> XD
[20:00:34] [Server thread/INFO]: Xautral issued server command: /tellraw @a {"text":"Hzon1 se ha unido a la partida","color":"yellow"}
[20:00:40] [User Authenticator #12/INFO]: UUID of player Mixths is fbfae3a5-b18a-3cb6-9199-a5bbde630494
[20:00:40] [Server thread/INFO]: Mixths joined the game
[20:00:40] [Server thread/INFO]: Mixths[/127.100.49.19:33477] logged in with entity id 39121 at ([world]-225.5, 63.0, -198.5)
[20:00:47] [Server thread/INFO]: Xautral issued server command: /tellraw @a {"text":"Hzon1 abandonó la partida","color":"yellow"}
[20:00:48] [Async Chat Thread - #69/INFO]: [Not Secure] <Hzon0> esew
[20:00:50] [Async Chat Thread - #69/INFO]: [Not Secure] <Xautral> hola Mixths
[20:00:56] [Async Chat Thread - #69/INFO]: [Not Secure] <Xautral> esew?
[20:00:57] [Server thread/INFO]: Xautral issued server command: /tp Mixths
[20:00:57] [Server thread/INFO]: [Xautral: Teleported Xautral to Mixths]
[20:00:58] [Server thread/INFO]: [Xautral: Set own game mode to Creative Mode]
[20:01:00] [Async Chat Thread - #69/INFO]: [Not Secure] <Hzon0> hzon1
[20:01:07] [Async Chat Thread - #69/INFO]: [Not Secure] <Xautral> mi cara cuando: timed out
[20:01:32] [Server thread/INFO]: Mixths has made the advancement [Cover Me with Diamonds]
[20:01:33] [Server thread/INFO]: Mixths has made the advancement [Suit Up]
[20:01:33] [Server thread/INFO]: Mixths has made the advancement [Stone Age]
[20:02:01] [Async Chat Thread - #69/INFO]: [Not Secure] <Xautral> quieres ahcer o unirte Mixths?
[20:02:04] [Async Chat Thread - #69/INFO]: [Not Secure] <Xautral> a una civilizacion
[20:02:09] [Server thread/INFO]: Mixths issued server command: /pv 1
[20:03:19] [Async Chat Thread - #71/INFO]: [Not Secure] <Xautral> ??
[20:04:33] [Async Chat Thread - #73/INFO]: [Not Secure] <Xautral> Mixths
[20:04:34] [Async Chat Thread - #73/INFO]: [Not Secure] <Xautral> a las 10
[20:04:36] [Async Chat Thread - #73/INFO]: [Not Secure] <Xautral> a las 9
[20:04:37] [Async Chat Thread - #73/INFO]: [Not Secure] <Xautral> a las 8
[20:04:38] [Async Chat Thread - #73/INFO]: [Not Secure] <Xautral> a las 7
[20:04:40] [Async Chat Thread - #73/INFO]: [Not Secure] <Xautral> a las 6
[20:04:41] [Async Chat Thread - #73/INFO]: [Not Secure] <Xautral> a las 5
[20:04:42] [Async Chat Thread - #73/INFO]: [Not Secure] <Xautral> a las 4
[20:04:44] [Async Chat Thread - #73/INFO]: [Not Secure] <Xautral> a las 3
[20:04:44] [Async Chat Thread - #73/INFO]: [Not Secure] <Xautral> a las 2
[20:04:46] [Async Chat Thread - #73/INFO]: [Not Secure] <Xautral> a las 1
[20:04:47] [Server thread/INFO]: Xautral issued server command: /tp Mixths
[20:04:47] [Server thread/INFO]: [Xautral: Teleported Xautral to Mixths]
[20:04:58] [Server thread/INFO]: Xautral issued server command: /tp Mixths Hzon0
[20:04:58] [Server thread/INFO]: [Xautral: Teleported Mixths to [Doku Kingdom] Hzon0]
[20:05:01] [Server thread/INFO]: Xautral issued server command: /team join Doku Hzon0
[20:05:01] [Server thread/INFO]: [Xautral: Added [Doku Kingdom] Hzon0 to team [Doku]]
[20:05:02] [Async Chat Thread - #73/INFO]: [Not Secure] <Hzon0> pndjo
[20:05:02] [Server thread/INFO]: Xautral issued server command: /tp Hzon0
[20:05:02] [Server thread/INFO]: [Xautral: Teleported Xautral to [Doku Kingdom] Hzon0]
[20:05:05] [Async Chat Thread - #73/INFO]: [Not Secure] <Hzon0> deja d traermelos
[20:05:10] [Async Chat Thread - #73/INFO]: [Not Secure] <Hzon0> si no soi guarderia
[20:05:11] [Server thread/INFO]: Xautral issued server command: /team join Doku Mixths
[20:05:11] [Server thread/INFO]: [Xautral: Added [Doku Kingdom] Mixths to team [Doku]]
[20:05:13] [Async Chat Thread - #73/INFO]: [Not Secure] <Xautral> uu
[20:05:14] [Async Chat Thread - #73/INFO]: [Not Secure] <Xautral> papeado
[20:05:17] [Async Chat Thread - #73/INFO]: [Not Secure] <Xautral> Mixths
[20:05:24] [Async Chat Thread - #73/INFO]: [Not Secure] <Xautral> sigue sus ordenes
[20:05:25] [Async Chat Thread - #73/INFO]: [Not Secure] <Xautral> :vv
[20:05:27] [Async Chat Thread - #73/INFO]: [Not Secure] <Xautral> o algo asi
[20:05:28] [Async Chat Thread - #73/INFO]: [Not Secure] <Xautral> nose
[20:05:31] [Async Chat Thread - #73/INFO]: [Not Secure] <Xautral> no elejiste
[20:05:59] [Async Chat Thread - #73/INFO]: [Not Secure] <Hzon0> Mixths se libre no m sigas o t mato
[20:06:09] [Async Chat Thread - #73/INFO]: [Not Secure] <Mixths> MATAME
[20:06:23] [Async Chat Thread - #73/INFO]: [Not Secure] <Xautral> jesus randy que huevos
[20:06:23] [Server thread/INFO]: [Doku Kingdom] Mixths was slain by [Doku Kingdom] Hzon0
[20:06:27] [Async Chat Thread - #73/INFO]: [Not Secure] <Hzon0> XDD
[20:06:30] [Server thread/INFO]: Xautral issued server command: /tp @e[type=item] Mixths
[20:06:30] [Server thread/INFO]: [Xautral: Teleported 43 entities to [Doku Kingdom] Mixths]
[20:06:31] [Async Chat Thread - #73/INFO]: [Not Secure] <Mixths> JODER
[20:06:31] [Async Chat Thread - #73/INFO]: [Not Secure] <Xautral> Mixths
[20:06:32] [Server thread/INFO]: Xautral issued server command: /tp Mixths
[20:06:32] [Server thread/INFO]: [Xautral: Teleported Xautral to [Doku Kingdom] Mixths]
[20:06:38] [Async Chat Thread - #73/INFO]: [Not Secure] <Xautral> hacer o unirte?
[20:06:40] [Async Chat Thread - #73/INFO]: [Not Secure] <Xautral> quieres ahcer una civilizacion?
[20:06:47] [Async Chat Thread - #73/INFO]: [Not Secure] <Xautral> bueno pues te queda nadamas eso
[20:06:52] [Async Chat Thread - #73/INFO]: [Not Secure] <Xautral> te rechazron en roku kindom
[20:07:02] [Server thread/INFO]: Xautral issued server command: /team leave Mixths
[20:07:02] [Server thread/INFO]: [Xautral: Removed Mixths from any team]
[20:07:13] [Async Chat Thread - #73/INFO]: [Not Secure] <Xautral> Mixths
[20:07:16] [Async Chat Thread - #73/INFO]: [Not Secure] <Mixths> tonces reo na
[20:07:19] [Async Chat Thread - #73/INFO]: [Not Secure] <Xautral> okey
[20:07:20] [Async Chat Thread - #73/INFO]: [Not Secure] <Xautral> nombre?
[20:07:33] [Async Chat Thread - #73/INFO]: [Not Secure] <Mixths> mmmm
[20:07:36] [Async Chat Thread - #73/INFO]: [Not Secure] <Xautral> okey
[20:07:40] [Async Chat Thread - #73/INFO]: [Not Secure] <Xautral> nombre raro pero bueno
[20:07:42] [Async Chat Thread - #73/INFO]: [Not Secure] <Mixths> nonono
[20:07:45] [Async Chat Thread - #73/INFO]: [Not Secure] <Mixths> ese no
[20:07:49] [Async Chat Thread - #73/INFO]: [Not Secure] <Xautral> okey
[20:07:49] [Async Chat Thread - #73/INFO]: [Not Secure] <Hzon0> mmm
[20:07:49] [Async Chat Thread - #73/INFO]: [Not Secure] <Mixths> toy pensando
[20:07:58] [Async Chat Thread - #73/INFO]: [Not Secure] <Xautral> en voz alta será w
[20:08:35] [Async Chat Thread - #73/INFO]: [Not Secure] <Mixths> LegadoOmega
[20:08:37] [Async Chat Thread - #73/INFO]: [Not Secure] <Mixths> ese
[20:08:42] [Async Chat Thread - #73/INFO]: [Not Secure] <Xautral> no mames
[20:08:46] [Async Chat Thread - #73/INFO]: [Not Secure] <Xautral> entonces tu rango será legado no?
[20:08:48] [Server thread/INFO]: [Xautral: Set own game mode to Spectator Mode]
[20:08:50] [Async Chat Thread - #73/INFO]: [Not Secure] <Hzon0> duerman
[20:08:51] [Server thread/INFO]: Xautral issued server command: /give @a red_bed
[20:08:51] [Server thread/INFO]: [Xautral: Gave 1 [Red Bed] to 3]
[20:08:51] [Async Chat Thread - #73/INFO]: [Not Secure] <Hzon0> mmm
[20:08:52] [Async Chat Thread - #73/INFO]: [Not Secure] <Hzon0> XDD
[20:08:52] [Async Chat Thread - #73/INFO]: [Not Secure] <Hzon0> XDD
[20:08:55] [Async Chat Thread - #73/INFO]: [Not Secure] <Xautral> color?
[20:08:57] [Async Chat Thread - #73/INFO]: [Not Secure] <Hzon0> duerman
[20:08:58] [Async Chat Thread - #73/INFO]: [Not Secure] <Hzon0> duerman
[20:08:59] [Async Chat Thread - #73/INFO]: [Not Secure] <Hzon0> mmm
[20:08:59] [Async Chat Thread - #73/INFO]: [Not Secure] <Hzon0> mmm
[20:09:05] [Server thread/INFO]: Xautral issued server command: /gamerule playersSleepingPercentage 80
[20:09:05] [Server thread/INFO]: [Xautral: Gamerule playersSleepingPercentage is now set to: 80]
[20:09:09] [Async Chat Thread - #73/INFO]: [Not Secure] <Xautral> Mixths
[20:09:11] [Async Chat Thread - #73/INFO]: [Not Secure] <Xautral> color
[20:09:11] [Async Chat Thread - #73/INFO]: [Not Secure] <Xautral> ?
[20:09:20] [Async Chat Thread - #73/INFO]: [Not Secure] <Mixths> rojo
[20:09:48] [Async Chat Thread - #73/INFO]: [Not Secure] <Hzon0> DUERMAN
[20:09:57] [Async Chat Thread - #73/INFO]: [Not Secure] <Xautral> okey
[20:10:02] [Async Chat Thread - #73/INFO]: [Not Secure] <Mixths> NI tengo cama
[20:10:07] [Server thread/INFO]: Mixths has made the advancement [Monster Hunter]
[20:10:07] [Server thread/INFO]: Xautral issued server command: /team add Omega {"text":"Omega","color":"red"}
[20:10:07] [Server thread/INFO]: [Xautral: Created team [Omega]]
[20:10:09] [Async Chat Thread - #73/INFO]: [Not Secure] <Hzon0> sal y entra
[20:10:11] [Async Chat Thread - #73/INFO]: [Not Secure] <Hzon0> en fua
[20:10:12] [Server thread/INFO]: Mixths lost connection: Disconnected
[20:10:12] [Server thread/INFO]: Mixths left the game
[20:10:23] [Server thread/INFO]: Xautral issued server command: /team modify Omega prefix {"text":"[Legacy Omega] ","color":"red"}
[20:10:24] [User Authenticator #13/INFO]: UUID of player Mixths is fbfae3a5-b18a-3cb6-9199-a5bbde630494
[20:10:25] [Server thread/INFO]: Mixths joined the game
[20:10:25] [Server thread/INFO]: Mixths[/127.100.49.19:45729] logged in with entity id 41786 at ([world]-161.57343706514348, 65.0, -227.89415707706863)
[20:10:25] [Async Chat Thread - #73/INFO]: [Not Secure] <Xautral> en fua
[20:10:27] [Async Chat Thread - #73/INFO]: [Not Secure] <Xautral> xdd
[20:10:30] [Async Chat Thread - #73/INFO]: [Not Secure] <Hzon0> si fu en fua
[20:10:31] [Server thread/INFO]: Xautral issued server command: /team join Omega Mixths
[20:10:31] [Server thread/INFO]: [Xautral: Added [Legacy Omega] Mixths to team [Omega]]
[20:10:33] [Async Chat Thread - #73/INFO]: [Not Secure] <Xautral> bien Mixths
[20:10:39] [Async Chat Thread - #73/INFO]: [Not Secure] <Xautral> tu misión es encontrar una zona
[20:10:39] [Async Chat Thread - #73/INFO]: [Not Secure] <Xautral> lejana
[20:10:45] [Async Chat Thread - #73/INFO]: [Not Secure] <Xautral> porque hay raids de bases permitidas
[20:10:51] [Async Chat Thread - #73/INFO]: [Not Secure] <Mixths> HUY
[20:11:15] [Async Chat Thread - #73/INFO]: [Not Secure] <Mixths> Xautral
[20:11:28] [Async Chat Thread - #73/INFO]: [Not Secure] <Xautral> que
[20:11:28] [Netty Epoll Server IO #0/INFO]: Disconnecting Xautral for sending keepalive response (16552237) out-of-order!
[20:11:28] [Server thread/INFO]: Xautral lost connection: Timed out
[20:11:28] [Server thread/INFO]: Xautral left the game
[20:11:30] [Async Chat Thread - #73/INFO]: [Not Secure] <Mixths> puedo llamar a un amigo pa que se una al server?
[20:11:35] [Async Chat Thread - #74/INFO]: [Not Secure] <Hzon0> murio
[20:11:37] [Async Chat Thread - #73/INFO]: [Not Secure] <Hzon0> yo digo q si
[20:12:15] [User Authenticator #14/INFO]: UUID of player Luchifra777 is e5d9b0f5-d6ea-33de-b5b7-ef1a4f557544
[20:12:16] [Server thread/INFO]: Luchifra777 joined the game
[20:12:16] [Server thread/INFO]: Luchifra777[/127.111.60.12:54565] logged in with entity id 42515 at ([world]195.4213228927808, 37.0, 660.8816908333412)
[20:12:30] [User Authenticator #14/INFO]: UUID of player Not_Unfsiae is 10e07846-5855-337b-8e82-8e8923e7f660
[20:12:32] [User Authenticator #14/INFO]: UUID of player Xautral is 86f4fd4a-173d-3e06-a1bf-669194d778d7
[20:12:32] [Server thread/INFO]: [Realm of Souls] Not_Unfsiae joined the game
[20:12:32] [Server thread/INFO]: Not_Unfsiae[/127.86.216.191:53661] logged in with entity id 42867 at ([world]213.99286665914371, -47.0, 160.12584829196143)
[20:12:54] [Server thread/INFO]: Not_Unfsiae issued server command: /msg Luchifra777 210 -47 149
[20:12:57] [Server thread/INFO]: com.mojang.authlib.GameProfile@37b3b6ab[id=86f4fd4a-173d-3e06-a1bf-669194d778d7,name=Xautral,properties={textures=[Property[name=textures, value=ewogICJ0aW1lc3RhbXAiIDogMTc2MjIwMDc1MjUxNCwKICAicHJvZmlsZUlkIiA6ICI2Yzg4ODdlZTk0N2I0MTQ3YjNlMGQ4N2JmODQ2NzUxZiIsCiAgInByb2ZpbGVOYW1lIiA6ICJYYXV0cmFsIiwKICAic2lnbmF0dXJlUmVxdWlyZWQiIDogdHJ1ZSwKICAidGV4dHVyZXMiIDogewogICAgIlNLSU4iIDogewogICAgICAidXJsIiA6ICJodHRwOi8vdGV4dHVyZXMubWluZWNyYWZ0Lm5ldC90ZXh0dXJlLzE4YTI4OWRjYTA1MWUwMDE5ZjA3MzljZDQ1MWMwMzQ3YjYwNTE3N2JjMmUyODk4OGE0YTcxZjBlZmVhOGY2MmIiCiAgICB9LAogICAgIkNBUEUiIDogewogICAgICAidXJsIiA6ICJodHRwOi8vdGV4dHVyZXMubWluZWNyYWZ0Lm5ldC90ZXh0dXJlLzI4ZGU0YTgxNjg4YWQxOGI0OWU3MzVhMjczZTA4NmMxOGYxZTM5NjY5NTYxMjNjY2I1NzQwMzRjMDZmNWQzMzYiCiAgICB9CiAgfQp9, signature=vUFTb8aGtE1n3j/Ioo70svNdGZrhi8YR3cVtx8YDPt+J3Wv5K8tXcUQ103NYf12HxQgNaaopukWH798kWvs8RjRK0x6Cl2QByYATfeNCejvWGl1uLNVXHrTTbE6cCt+IfggiJnFck+bDFYoOkf8e9+G4J/e0fX+lacYneble5d61aDSVCY+ibStXPFLCcux4igeOX0mFbj1MPFqr67I02zadCiMN2qe8auCtFst+FpW5pE5T2MjhVgaqbGjPFccBW9uFCB9iUO1L2n1FIyY4YFp7hiWGgEVwXQgEO/7JlguJ7ACK8/jirfIxGQZJrp9iPBLwrxEbtMeABTiu2pJTEl9TkWbN2+kqbLZ7y2yoeI2BkrWWu/Li/rf22qcgvVS86fwiaGTGcRFTRqYGCg2fUXqJPqKElreJzFTGCt9UwGc9vkUPWrGQKnrNbmi8l2IBfnwRWdkb6n5rU9FQbLd35RecywlSfAWUxoX00QNzvumuMo/Af/XDv0MWXuDSu3wi0WP5+oN8QfvNtD4k/PUpQwr7sBtlKLDDTZbQ7q+duyoJtwOdNr2Dux/nNN1ILQE0gPia536F2+ySLuMNrn+7zFYXN0oKcilqu9L9wc5RTGFA6xE6R4bzpO8lvvQRV83HAQ7E/5shpi4Ct3VI+RaloJCIpT0xxhXb5CMM1NMVNqw=]]}] lost connection: Timed out
[20:12:57] [Server thread/INFO]: com.mojang.authlib.GameProfile@37b3b6ab[id=86f4fd4a-173d-3e06-a1bf-669194d778d7,name=Xautral,properties={textures=[Property[name=textures, value=ewogICJ0aW1lc3RhbXAiIDogMTc2MjIwMDc1MjUxNCwKICAicHJvZmlsZUlkIiA6ICI2Yzg4ODdlZTk0N2I0MTQ3YjNlMGQ4N2JmODQ2NzUxZiIsCiAgInByb2ZpbGVOYW1lIiA6ICJYYXV0cmFsIiwKICAic2lnbmF0dXJlUmVxdWlyZWQiIDogdHJ1ZSwKICAidGV4dHVyZXMiIDogewogICAgIlNLSU4iIDogewogICAgICAidXJsIiA6ICJodHRwOi8vdGV4dHVyZXMubWluZWNyYWZ0Lm5ldC90ZXh0dXJlLzE4YTI4OWRjYTA1MWUwMDE5ZjA3MzljZDQ1MWMwMzQ3YjYwNTE3N2JjMmUyODk4OGE0YTcxZjBlZmVhOGY2MmIiCiAgICB9LAogICAgIkNBUEUiIDogewogICAgICAidXJsIiA6ICJodHRwOi8vdGV4dHVyZXMubWluZWNyYWZ0Lm5ldC90ZXh0dXJlLzI4ZGU0YTgxNjg4YWQxOGI0OWU3MzVhMjczZTA4NmMxOGYxZTM5NjY5NTYxMjNjY2I1NzQwMzRjMDZmNWQzMzYiCiAgICB9CiAgfQp9, signature=vUFTb8aGtE1n3j/Ioo70svNdGZrhi8YR3cVtx8YDPt+J3Wv5K8tXcUQ103NYf12HxQgNaaopukWH798kWvs8RjRK0x6Cl2QByYATfeNCejvWGl1uLNVXHrTTbE6cCt+IfggiJnFck+bDFYoOkf8e9+G4J/e0fX+lacYneble5d61aDSVCY+ibStXPFLCcux4igeOX0mFbj1MPFqr67I02zadCiMN2qe8auCtFst+FpW5pE5T2MjhVgaqbGjPFccBW9uFCB9iUO1L2n1FIyY4YFp7hiWGgEVwXQgEO/7JlguJ7ACK8/jirfIxGQZJrp9iPBLwrxEbtMeABTiu2pJTEl9TkWbN2+kqbLZ7y2yoeI2BkrWWu/Li/rf22qcgvVS86fwiaGTGcRFTRqYGCg2fUXqJPqKElreJzFTGCt9UwGc9vkUPWrGQKnrNbmi8l2IBfnwRWdkb6n5rU9FQbLd35RecywlSfAWUxoX00QNzvumuMo/Af/XDv0MWXuDSu3wi0WP5+oN8QfvNtD4k/PUpQwr7sBtlKLDDTZbQ7q+duyoJtwOdNr2Dux/nNN1ILQE0gPia536F2+ySLuMNrn+7zFYXN0oKcilqu9L9wc5RTGFA6xE6R4bzpO8lvvQRV83HAQ7E/5shpi4Ct3VI+RaloJCIpT0xxhXb5CMM1NMVNqw=]]}] lost connection: Timed out
[20:13:08] [User Authenticator #14/INFO]: UUID of player Xautral is 86f4fd4a-173d-3e06-a1bf-669194d778d7
[20:13:12] [Server thread/INFO]: Xautral joined the game
[20:13:12] [Server thread/INFO]: Xautral[/127.64.171.42:52057] logged in with entity id 43292 at ([world]-280.7689789807241, 76.61677777272378, -309.2664267201753)
[20:13:20] [Async Chat Thread - #76/INFO]: [Not Secure] <Not_Unfsiae> Xautral
[20:13:23] [Async Chat Thread - #76/INFO]: [Not Secure] <Not_Unfsiae> el Luchifra777 es de mi clan
[20:13:24] [Async Chat Thread - #76/INFO]: [Not Secure] <Not_Unfsiae> hazle tp
[20:13:24] [Async Chat Thread - #76/INFO]: [Not Secure] <Mixths> Xautral puedo llamar a un amigo pa que se una al server?
[20:14:57] [Server thread/INFO]: Xautral lost connection: Timed out
[20:14:57] [Server thread/INFO]: Xautral left the game
[20:15:29] [User Authenticator #15/INFO]: UUID of player _BlazerRed_ is ea043dbe-2397-34fb-9e22-6a501fe49469
[20:15:31] [Server thread/INFO]: _BlazerRed_ joined the game
[20:15:31] [Server thread/INFO]: _BlazerRed_[/127.151.33.217:51819] logged in with entity id 45134 at ([world]-225.5, 63.0, -199.5)
[20:15:41] [Server thread/INFO]: Not_Unfsiae lost connection: Disconnected
[20:15:41] [Server thread/INFO]: [Realm of Souls] Not_Unfsiae left the game
[20:15:44] [Server thread/INFO]: Luchifra777 lost connection: Disconnected
[20:15:44] [Server thread/INFO]: Luchifra777 left the game
[20:15:46] [Async Chat Thread - #77/INFO]: [Not Secure] <_BlazerRed_> buenas
[20:15:47] [User Authenticator #15/INFO]: UUID of player Xautral is 86f4fd4a-173d-3e06-a1bf-669194d778d7
[20:15:48] [Server thread/INFO]: Xautral joined the game
[20:15:48] [Server thread/INFO]: Xautral[/127.64.171.42:35201] logged in with entity id 45489 at ([world]-280.7689789807241, 76.61677777272378, -309.2664267201753)
[20:15:52] [Async Chat Thread - #77/INFO]: [Not Secure] <Hzon0> bnas
[20:15:52] [Async Chat Thread - #77/INFO]: [Not Secure] <Mixths> buenas
[20:15:58] [Async Chat Thread - #77/INFO]: [Not Secure] <Xautral> hola _BlazerRed_
[20:16:06] [Async Chat Thread - #77/INFO]: [Not Secure] <_BlazerRed_> ola
[20:16:09] [Async Chat Thread - #77/INFO]: [Not Secure] <Xautral> hacer una civilizacion o unirte?
[20:16:11] [User Authenticator #15/INFO]: UUID of player Luchifra777 is e5d9b0f5-d6ea-33de-b5b7-ef1a4f557544
[20:16:12] [Server thread/INFO]: Luchifra777 joined the game
[20:16:12] [Server thread/INFO]: Luchifra777[/127.111.60.12:56083] logged in with entity id 45734 at ([world]166.2074974497913, 68.0, 159.84861791823664)
[20:16:15] [Server thread/INFO]: _BlazerRed_ has made the advancement [Suit Up]
[20:16:40] [Async Chat Thread - #77/INFO]: [Not Secure] <_BlazerRed_> unirme xd
[20:16:50] [Server thread/INFO]: Xautral issued server command: /team join Souls Luchifra777
[20:16:50] [Server thread/INFO]: [Xautral: Added [Realm of Souls] Luchifra777 to team [Souls]]
[20:16:53] [Async Chat Thread - #77/INFO]: [Not Secure] <Xautral> a cual _BlazerRed_?w
[20:16:57] [Async Chat Thread - #77/INFO]: [Not Secure] <_BlazerRed_> ni idea
[20:17:02] [Async Chat Thread - #77/INFO]: [Not Secure] <_BlazerRed_> cualquiera
[20:17:07] [Server thread/INFO]: _BlazerRed_ has made the advancement [Stone Age]
[20:17:15] [User Authenticator #16/INFO]: UUID of player Not_Unfsiae is 10e07846-5855-337b-8e82-8e8923e7f660
[20:17:17] [Server thread/INFO]: [Realm of Souls] Not_Unfsiae joined the game
[20:17:17] [Server thread/INFO]: Not_Unfsiae[/127.86.216.191:55855] logged in with entity id 46494 at ([world]238.5187030129868, -45.0, 144.69999998807907)
[20:17:24] [Async Chat Thread - #77/INFO]: [Not Secure] <Xautral> Mixths
[20:17:26] [Async Chat Thread - #77/INFO]: [Not Secure] <Xautral> lop quieres?
[20:17:27] [Async Chat Thread - #77/INFO]: [Not Secure] <Not_Unfsiae> Xautral
[20:17:30] [Async Chat Thread - #77/INFO]: [Not Secure] <Xautral> que
[20:17:35] [Async Chat Thread - #77/INFO]: [Not Secure] <Not_Unfsiae> Luchifra777 es de mi clan
[20:17:37] [Async Chat Thread - #77/INFO]: [Not Secure] <Not_Unfsiae> le haces tp?
[20:17:38] [Async Chat Thread - #77/INFO]: [Not Secure] <Not_Unfsiae> jejee
[20:17:39] [Async Chat Thread - #77/INFO]: [Not Secure] <Xautral> ya
[20:17:39] [Async Chat Thread - #77/INFO]: [Not Secure] <Mixths> ?
[20:17:41] [Server thread/INFO]: Xautral issued server command: /tp Luchifra777 Xautral
[20:17:41] [Server thread/INFO]: [Xautral: Teleported [Realm of Souls] Luchifra777 to Xautral]
[20:17:46] [Async Chat Thread - #77/INFO]: [Not Secure] <Not_Unfsiae> XD
[20:17:52] [Async Chat Thread - #77/INFO]: [Not Secure] <Not_Unfsiae> no esta conmigo
[20:17:55] [Async Chat Thread - #77/INFO]: [Not Secure] <Luchifra777> a donde me mando?
[20:17:56] [Server thread/INFO]: Xautral issued server command: /tp Luchifra777 Not_Unfsiae
[20:17:56] [Server thread/INFO]: [Xautral: Teleported [Realm of Souls] Luchifra777 to [Realm of Souls] Not_Unfsiae]
[20:17:57] [Server thread/INFO]: _BlazerRed_ has made the advancement [Getting an Upgrade]
[20:18:06] [Async Chat Thread - #77/INFO]: [Not Secure] <Xautral> Mixths quieres a _BlazerRed_ en tu civ
[20:18:07] [Async Chat Thread - #77/INFO]: [Not Secure] <Xautral> ??
[20:18:14] [Async Chat Thread - #77/INFO]: [Not Secure] <Mixths> pues si
[20:18:21] [Server thread/INFO]: Xautral issued server command: /tp _BlazerRed_ Mixths
[20:18:21] [Server thread/INFO]: [Xautral: Teleported _BlazerRed_ to [Legacy Omega] Mixths]
[20:18:25] [Async Chat Thread - #77/INFO]: [Not Secure] <_BlazerRed_> alv
[20:18:26] [Server thread/INFO]: Xautral issued server command: /team join Omega _BlazerRed_
[20:18:26] [Server thread/INFO]: [Xautral: Added [Legacy Omega] _BlazerRed_ to team [Omega]]
[20:18:27] [Server thread/INFO]: Xautral issued server command: /tp _BlazerRed_
[20:18:27] [Server thread/INFO]: [Xautral: Teleported Xautral to [Legacy Omega] _BlazerRed_]
[20:18:29] [Server thread/INFO]: Not_Unfsiae issued server command: /msg Luchifra777 es nuevo
[20:18:43] [Server thread/INFO]: Not_Unfsiae issued server command: /msg Luchifra777 hace el doble de daño a las criaturas marinas
[20:18:49] [Async Chat Thread - #77/INFO]: [Not Secure] <_BlazerRed_> eu tas bn?
[20:18:55] [Async Chat Thread - #77/INFO]: [Not Secure] <Xautral> curiosos
[20:19:10] [Async Chat Thread - #77/INFO]: [Not Secure] <_BlazerRed_> gracia
[20:19:20] [Async Chat Thread - #77/INFO]: [Not Secure] <Mixths> vamos a equiparnos mejor
[20:19:26] [Async Chat Thread - #77/INFO]: [Not Secure] <_BlazerRed_> seh
[20:19:40] [Async Chat Thread - #77/INFO]: [Not Secure] <Xautral> no
[20:19:42] [Async Chat Thread - #77/INFO]: [Not Secure] <Xautral> sorra
[20:19:44] [Async Chat Thread - #77/INFO]: [Not Secure] <Xautral> y*
[20:19:46] [Async Chat Thread - #77/INFO]: [Not Secure] <Xautral> sorry*
[20:19:49] [Server thread/INFO]: Not_Unfsiae issued server command: /msg Luchifra777 no rompas
[20:19:52] [Server thread/INFO]: _BlazerRed_ issued server command: /msg Xautral el limite no esta modificado no?
[20:19:54] [Server thread/INFO]: Not_Unfsiae issued server command: /msg Luchifra777 ya revise todo por aca
[20:19:54] [Async Chat Thread - #78/INFO]: [Not Secure] <Hzon0> xd
[20:20:03] [Async Chat Thread - #78/INFO]: [Not Secure] <Not_Unfsiae> no
[20:20:43] [Async Chat Thread - #78/INFO]: [Not Secure] <Not_Unfsiae> 1s
[20:21:04] [Async Chat Thread - #78/INFO]: [Not Secure] <Not_Unfsiae> no me pegues pelotudo
[20:21:06] [Async Chat Thread - #78/INFO]: [Not Secure] <Not_Unfsiae> la armadura
[20:21:40] [Server thread/INFO]: Xautral issued server command: /tell _BlazerRed_ no
[20:22:10] [Server thread/INFO]: _BlazerRed_ issued server command: /msg Mixths podes llmada en dc?
[20:22:16] [Async Chat Thread - #78/INFO]: [Not Secure] <Mixths> SI
[20:22:33] [Async Chat Thread - #78/INFO]: [Not Secure] <Hzon0> duerman
[20:22:34] [Async Chat Thread - #78/INFO]: [Not Secure] <Hzon0> duerman
[20:22:35] [Async Chat Thread - #78/INFO]: [Not Secure] <Hzon0> xd
[20:22:39] [Async Chat Thread - #78/INFO]: [Not Secure] <Hzon0> duerman
[20:22:41] [Async Chat Thread - #78/INFO]: [Not Secure] <Hzon0> duerman
[20:22:48] [Async Chat Thread - #78/INFO]: [Not Secure] <Xautral> SI QUE
[20:22:59] [Server thread/INFO]: Xautral issued server command: /spectate @r
[20:23:28] [Server thread/WARN]: Xautral moved too quickly! -9.471022772426522,0.4125000000000014,-8.737012673507856
[20:23:30] [Server thread/WARN]: Xautral moved too quickly! -3.2429990595977642,0.0,-11.72275340821757
[20:23:34] [Server thread/WARN]: Xautral moved too quickly! -5.223752193486575,0.0,-14.066253312196835
[20:23:35] [Server thread/WARN]: Xautral moved too quickly! -14.064185697645485,0.0,-13.175500481595819
[20:23:37] [Server thread/WARN]: Xautral moved too quickly! -16.405241834322624,0.0,-23.44016029230697
[20:23:38] [Server thread/WARN]: Xautral moved too quickly! -26.94341492214278,0.0,-7.0169994035764205
[20:23:39] [Server thread/WARN]: Xautral moved too quickly! -7.438348751417607,0.0,-6.942891563464016
[20:23:49] [Server thread/INFO]: _BlazerRed_ issued server command: /plugins
[20:23:59] [Server thread/WARN]: Xautral moved too quickly! 16.49131138414316,0.0,-10.018234663066465
[20:24:01] [Server thread/WARN]: Xautral moved too quickly! -5.804697213139434,0.0,-16.754270409039577
[20:24:03] [Server thread/WARN]: Xautral moved too quickly! -20.43365006962597,0.0,-5.601711131809822
[20:24:04] [Server thread/WARN]: Xautral moved too quickly! -23.91371066386432,0.0,-12.433690449363212
[20:24:04] [Server thread/WARN]: Xautral moved too quickly! -17.115992319607585,0.0,-1.344254535389723
[20:24:06] [Netty Epoll Server IO #0/INFO]: Disconnecting Xautral for sending keepalive response (17310588) out-of-order!
[20:24:06] [Server thread/INFO]: Xautral lost connection: Timed out
[20:24:06] [Server thread/INFO]: Xautral left the game
[20:24:42] [User Authenticator #17/INFO]: UUID of player Xautral is 86f4fd4a-173d-3e06-a1bf-669194d778d7
[20:24:57] [Server thread/INFO]: Xautral joined the game
[20:24:57] [Server thread/INFO]: Xautral[/127.64.171.42:56445] logged in with entity id 50516 at ([world]1064.5522788117887, 62.5875, 153.1063068762663)
[20:25:26] [Async Chat Thread - #79/INFO]: [Not Secure] <Xautral> ROBERTO SALTE DEL SALÓMN
[20:25:57] [Async Chat Thread - #79/INFO]: [Not Secure] <Xautral> pero profe
[20:25:59] [Async Chat Thread - #79/INFO]: [Not Secure] <Xautral> POR MI TRAGAS
[20:26:20] [Server thread/INFO]: [Legacy Omega] _BlazerRed_ has made the advancement [Monster Hunter]
[20:26:23] [Server thread/INFO]: Xautral issued server command: /tp Luchifra777
[20:26:23] [Server thread/INFO]: [Xautral: Teleported Xautral to [Realm of Souls] Luchifra777]
[20:26:50] [Server thread/INFO]: [Legacy Omega] _BlazerRed_ was shot by Skeleton
[20:26:56] [Async Chat Thread - #79/INFO]: [Not Secure] <Mixths> nooo
[20:26:58] [Async Chat Thread - #79/INFO]: [Not Secure] <_BlazerRed_> fak
[20:27:19] [Async Chat Thread - #79/INFO]: [Not Secure] <_BlazerRed_> Xautral pone tpa xdd
[20:27:21] [Async Chat Thread - #79/INFO]: [Not Secure] <Mixths> Xautral no le puedes hacer tp a _BlazerRed_?
[20:28:21] [Async Chat Thread - #81/INFO]: [Not Secure] <Xautral> tepeo a _BlazerRed_ a ti o como
[20:28:28] [Async Chat Thread - #81/INFO]: [Not Secure] <Mixths> SI
[20:28:33] [Server thread/INFO]: [Legacy Omega] _BlazerRed_ was slain by Zombie
[20:28:38] [Async Chat Thread - #81/INFO]: [Not Secure] <_BlazerRed_> XD
[20:28:52] [Async Chat Thread - #81/INFO]: [Not Secure] <Mixths> xdd
[20:29:36] [Async Chat Thread - #81/INFO]: [Not Secure] <_BlazerRed_> Xautral no es tan dificil tpearme a Mixths
[20:30:12] [Async Chat Thread - #81/INFO]: [Not Secure] <Xautral> a ya
[20:30:19] [Server thread/INFO]: Xautral issued server command: /tp _BlazerRed_ Mixths
[20:30:19] [Server thread/INFO]: [Xautral: Teleported [Legacy Omega] _BlazerRed_ to [Legacy Omega] Mixths]
[20:30:23] [Server thread/INFO]: Xautral issued server command: /tp @e[type=item] _BlazerRed_
[20:30:23] [Server thread/INFO]: [Xautral: Teleported 75 entities to [Legacy Omega] _BlazerRed_]
[20:30:53] [User Authenticator #18/INFO]: UUID of player PixrlCraftero_ is cfc07175-da84-3eba-aca3-c79918d0def1
[20:30:54] [Server thread/INFO]: PixrlCraftero_ joined the game
[20:30:54] [Server thread/INFO]: PixrlCraftero_[/127.51.161.87:45359] logged in with entity id 54784 at ([world]-225.5, 63.0, -197.5)
[20:31:01] [Async Chat Thread - #81/INFO]: [Not Secure] <Xautral> hola
[20:31:01] [Async Chat Thread - #81/INFO]: [Not Secure] <PixrlCraftero_> a
[20:31:03] [Async Chat Thread - #81/INFO]: [Not Secure] <PixrlCraftero_> holaa
[20:31:08] [Async Chat Thread - #81/INFO]: [Not Secure] <Xautral> quieres hacer tu civ o unirte a una?
[20:31:12] [Server thread/INFO]: Xautral issued server command: /loot give PixrlCraftero_ loot minecraft:chests/end_city_treasure
[20:31:13] [Server thread/INFO]: Xautral issued server command: /loot give PixrlCraftero_ loot minecraft:chests/end_city_treasure
[20:31:13] [Server thread/INFO]: PixrlCraftero_ has made the advancement [Diamonds!]
[20:31:13] [Server thread/INFO]: Xautral issued server command: /loot give PixrlCraftero_ loot minecraft:chests/end_city_treasure
[20:31:13] [Server thread/INFO]: PixrlCraftero_ has made the advancement [Suit Up]
[20:31:13] [Server thread/INFO]: PixrlCraftero_ has made the advancement [Cover Me with Diamonds]
[20:31:13] [Async Chat Thread - #81/INFO]: [Not Secure] <PixrlCraftero_> unirme
[20:31:13] [Server thread/INFO]: Xautral issued server command: /loot give PixrlCraftero_ loot minecraft:chests/end_city_treasure
[20:31:13] [Server thread/INFO]: PixrlCraftero_ has made the advancement [Acquire Hardware]
[20:31:19] [Async Chat Thread - #81/INFO]: [Not Secure] <_BlazerRed_> alverga
[20:31:19] [Server thread/INFO]: Xautral issued server command: /loot give PixrlCraftero_ loot minecraft:chests/spawn_bonus_chest
[20:31:19] [Server thread/INFO]: Xautral issued server command: /loot give PixrlCraftero_ loot minecraft:chests/spawn_bonus_chest
[20:31:19] [Server thread/INFO]: Xautral issued server command: /loot give PixrlCraftero_ loot minecraft:chests/spawn_bonus_chest
[20:31:22] [Async Chat Thread - #81/INFO]: [Not Secure] <Xautral> a cual?
[20:31:30] [Async Chat Thread - #81/INFO]: [Not Secure] <PixrlCraftero_> no se
[20:31:35] [Async Chat Thread - #81/INFO]: [Not Secure] <Xautral> está: souls
[20:31:37] [Async Chat Thread - #81/INFO]: [Not Secure] <Xautral> omega
[20:31:39] [Async Chat Thread - #81/INFO]: [Not Secure] <Xautral> y doku
[20:31:55] [Async Chat Thread - #81/INFO]: [Not Secure] <PixrlCraftero_> souls
[20:32:02] [Async Chat Thread - #81/INFO]: [Not Secure] <Xautral> Not_Unfsiae lo aceptan?
[20:32:13] [Async Chat Thread - #81/INFO]: [Not Secure] <Xautral> Not_Unfsiae
[20:32:14] [Async Chat Thread - #81/INFO]: [Not Secure] <Xautral> Not_Unfsiae
[20:32:14] [Async Chat Thread - #81/INFO]: [Not Secure] <Xautral> Not_Unfsiae
[20:32:17] [Async Chat Thread - #81/INFO]: [Not Secure] <Not_Unfsiae> dime
[20:32:17] [Async Chat Thread - #81/INFO]: [Not Secure] <Xautral> lo aceptan?
[20:32:23] [User Authenticator #19/INFO]: UUID of player michikosam is c350d575-60d7-34ca-a931-a223af2f3415
[20:32:24] [Server thread/INFO]: michikosam joined the game
[20:32:24] [Server thread/INFO]: michikosam[/127.251.195.26:39435] logged in with entity id 55740 at ([world]-226.5, 63.0, -196.5)
[20:32:26] [Async Chat Thread - #81/INFO]: [Not Secure] <Mixths> _BlazerRed_
[20:32:27] [Async Chat Thread - #81/INFO]: [Not Secure] <Not_Unfsiae> en que eres bueno PixrlCraftero_?
[20:32:31] [Async Chat Thread - #81/INFO]: [Not Secure] <Mixths> hagamonos escudos
[20:32:33] [Async Chat Thread - #81/INFO]: [Not Secure] <michikosam> hola?
[20:32:36] [Server thread/INFO]: [Legacy Omega] _BlazerRed_ has reached the goal [Postmortal]
[20:32:38] [Async Chat Thread - #81/INFO]: [Not Secure] <Xautral> hola michikosam
[20:32:40] [Async Chat Thread - #81/INFO]: [Not Secure] <PixrlCraftero_> Not_Unfsiae en todo bro
[20:32:40] [Async Chat Thread - #81/INFO]: [Not Secure] <Xautral> hacer o unirte?
[20:32:42] [Async Chat Thread - #81/INFO]: [Not Secure] <Xautral> a una civilizacion
[20:32:45] [Async Chat Thread - #81/INFO]: [Not Secure] <michikosam> unirme
[20:32:48] [Async Chat Thread - #81/INFO]: [Not Secure] <Not_Unfsiae> alguna cosa en concreto?
[20:32:55] [Async Chat Thread - #81/INFO]: [Not Secure] <PixrlCraftero_> en crystal pvp
[20:32:56] [Async Chat Thread - #81/INFO]: [Not Secure] <Xautral> a cual michikosam
[20:33:00] [Async Chat Thread - #81/INFO]: [Not Secure] <Not_Unfsiae> tier?
[20:33:01] [Server thread/INFO]: michikosam was slain by PixrlCraftero_
[20:33:09] [Async Chat Thread - #81/INFO]: [Not Secure] <PixrlCraftero_> soy ht4 casi lt3
[20:33:11] [Server thread/INFO]: Xautral issued server command: /locate biome #minecraft:has_structure/jungle_temple
[20:33:12] [Server thread/INFO]: Locating element #minecraft:has_structure/jungle_temple (minecraft:jungle) took 968 ms
[20:33:13] [Server thread/INFO]: Xautral issued server command: /tp @s 1939 69 1573
[20:33:13] [Server thread/INFO]: [Xautral: Teleported Xautral to 1939.500000, 69.000000, 1573.500000]
[20:33:13] [Server thread/INFO]: Not_Unfsiae issued server command: /msg Xautral coords del spawn?
[20:33:18] [Server thread/INFO]: Xautral issued server command: /tp michikosam Xautral
[20:33:18] [Server thread/INFO]: [Xautral: Teleported michikosam to Xautral]
[20:33:24] [Async Chat Thread - #82/INFO]: [Not Secure] <michikosam> wtf
[20:33:25] [Async Chat Thread - #82/INFO]: [Not Secure] <Xautral> michikosam a cual te unes?
[20:33:30] [Server thread/INFO]: Xautral issued server command: /tell Not_Unfsiae preguntale a pixrl
[20:33:31] [Async Chat Thread - #81/INFO]: [Not Secure] <michikosam> nose
[20:33:34] [Async Chat Thread - #81/INFO]: [Not Secure] <michikosam> cualquiera uneme
[20:33:43] [Server thread/INFO]: [Legacy Omega] Mixths has made the advancement [Acquire Hardware]
[20:33:44] [Async Chat Thread - #81/INFO]: [Not Secure] <Xautral> Mixths lo aceptas?
[20:33:47] [Server thread/INFO]: [Legacy Omega] _BlazerRed_ has made the advancement [Acquire Hardware]
[20:33:51] [Async Chat Thread - #81/INFO]: [Not Secure] <Not_Unfsiae> Luchifra777, toma la decision sobre PixrlCraftero_
[20:33:55] [Async Chat Thread - #81/INFO]: [Not Secure] <Xautral> Mixths lo aceptas?
[20:34:03] [Async Chat Thread - #81/INFO]: [Not Secure] <Luchifra777> NO
[20:34:15] [Async Chat Thread - #81/INFO]: [Not Secure] <PixrlCraftero_> Not_Unfsiae entonces?
[20:34:22] [Async Chat Thread - #81/INFO]: [Not Secure] <Not_Unfsiae> Luchifra777 ya decidio
[20:34:32] [Server thread/INFO]: [Legacy Omega] _BlazerRed_ has made the advancement [Not Today, Thank You]
[20:34:37] [Server thread/INFO]: [Realm of Souls] Not_Unfsiae fell from a high place
[20:34:42] [Async Chat Thread - #81/INFO]: [Not Secure] <michikosam> XD
[20:34:45] [Async Chat Thread - #81/INFO]: [Not Secure] <Not_Unfsiae> ?
[20:34:47] [Server thread/INFO]: [Legacy Omega] _BlazerRed_ has made the advancement [Isn't It Iron Pick]
[20:34:50] [Async Chat Thread - #81/INFO]: [Not Secure] <PixrlCraftero_> Not_Unfsiae me unes?
[20:34:56] [Async Chat Thread - #81/INFO]: [Not Secure] <Not_Unfsiae> Luchifra777 ya respondio
[20:34:59] [Async Chat Thread - #81/INFO]: [Not Secure] <Mixths> murio?
[20:35:02] [Async Chat Thread - #81/INFO]: [Not Secure] <Not_Unfsiae> nope
[20:35:03] [Async Chat Thread - #81/INFO]: [Not Secure] <Not_Unfsiae> no mori
[20:35:08] [Async Chat Thread - #81/INFO]: [Not Secure] <Xautral> Mixths aceptas a michikosam en tu civ?
[20:35:14] [Server thread/INFO]: [Realm of Souls] Luchifra777 tried to swim in lava
[20:35:15] [Async Chat Thread - #82/INFO]: [Not Secure] <Xautral> Mixths aceptas a michikosam en tu civ?
[20:35:53] [Async Chat Thread - #82/INFO]: [Not Secure] <_BlazerRed_> me quito la mitad de la vida de un golpe xd
[20:35:57] [Async Chat Thread - #82/INFO]: [Not Secure] <Xautral> Mixths aceptas a michikosam en tu civ?
[20:35:57] [Async Chat Thread - #82/INFO]: [Not Secure] <Xautral> Mixths aceptas a michikosam en tu civ?
[20:35:57] [Async Chat Thread - #82/INFO]: [Not Secure] <Xautral> Mixths aceptas a michikosam en tu civ?
[20:35:57] [Async Chat Thread - #82/INFO]: [Not Secure] <Xautral> Mixths aceptas a michikosam en tu civ?
[20:35:58] [Async Chat Thread - #82/INFO]: [Not Secure] <Xautral> Mixths lo aceptas?
[20:35:58] [Async Chat Thread - #82/INFO]: [Not Secure] <Xautral> Mixths lo aceptas?
[20:35:58] [Async Chat Thread - #82/INFO]: [Not Secure] <Xautral> Mixths lo aceptas?
[20:35:59] [Async Chat Thread - #82/INFO]: [Not Secure] <Xautral> Mixths aceptas a michikosam en tu civ?
[20:35:59] [Async Chat Thread - #82/INFO]: [Not Secure] <Xautral> Mixths aceptas a michikosam en tu civ?
[20:35:59] [Async Chat Thread - #82/INFO]: [Not Secure] <Xautral> Mixths aceptas a michikosam en tu civ?
[20:35:59] [Async Chat Thread - #82/INFO]: [Not Secure] <Xautral> Mixths aceptas a michikosam en tu civ?
[20:36:00] [Async Chat Thread - #82/INFO]: [Not Secure] <Xautral> Mixths aceptas a michikosam en tu civ?
[20:36:00] [Async Chat Thread - #82/INFO]: [Not Secure] <Xautral> Mixths aceptas a michikosam en tu civ?
[20:36:00] [Async Chat Thread - #82/INFO]: [Not Secure] <PixrlCraftero_> donde estan
[20:36:02] [Async Chat Thread - #82/INFO]: [Not Secure] <Xautral> Mixths aceptas a michikosam en tu civ?
[20:36:02] [Async Chat Thread - #82/INFO]: [Not Secure] <Xautral> Mixths aceptas a michikosam en tu civ?
[20:36:02] [Async Chat Thread - #82/INFO]: [Not Secure] <Xautral> Mixths aceptas a michikosam en tu civ?
[20:36:03] [Async Chat Thread - #82/INFO]: [Not Secure] <Xautral> Mixths aceptas a michikosam en tu civ?
[20:36:03] [Async Chat Thread - #82/INFO]: [Not Secure] <Xautral> Mixths aceptas a michikosam en tu civ?
[20:36:03] [Async Chat Thread - #82/INFO]: [Not Secure] <Xautral> Mixths aceptas a michikosam en tu civ?
[20:36:03] [Async Chat Thread - #82/INFO]: [Not Secure] <Xautral> Mixths aceptas a michikosam en tu civ?
[20:36:03] [Async Chat Thread - #82/INFO]: [Not Secure] <Xautral> Mixths aceptas a michikosam en tu civ?
[20:36:03] [Async Chat Thread - #82/INFO]: [Not Secure] <Mixths> eee si
[20:36:07] [Async Chat Thread - #82/INFO]: [Not Secure] <Hzon0> CALLA Y DEJA EL FLOOOOD
[20:36:12] [Server thread/INFO]: michikosam hit the ground too hard
[20:36:13] [Server thread/INFO]: Xautral issued server command: /tp michikosam Mixths
[20:36:13] [Server thread/INFO]: [Xautral: Teleported michikosam to [Legacy Omega] Mixths]
[20:36:16] [Async Chat Thread - #82/INFO]: [Not Secure] <Xautral> no se preocupen
[20:36:21] [Async Chat Thread - #82/INFO]: [Not Secure] <Xautral> Hzon0 anda en su periodo
[20:36:23] [Async Chat Thread - #82/INFO]: [Not Secure] <Xautral> no le hablen
[20:36:24] [Async Chat Thread - #82/INFO]: [Not Secure] <michikosam> que hago aca
[20:36:28] [Server thread/INFO]: Xautral issued server command: /team join Omega michikosam
[20:36:28] [Server thread/INFO]: [Xautral: Added [Legacy Omega] michikosam to team [Omega]]
[20:36:29] [Server thread/INFO]: [Legacy Omega] michikosam has made the advancement [Suit Up]
[20:36:30] [Async Chat Thread - #82/INFO]: [Not Secure] <Hzon0> esanacadaq
[20:36:32] [Async Chat Thread - #82/INFO]: [Not Secure] <michikosam> a
[20:36:37] [Async Chat Thread - #82/INFO]: [Not Secure] <Xautral> PixrlCraftero_
[20:36:39] [Async Chat Thread - #82/INFO]: [Not Secure] <Mixths> Xautral pero dale algo no?
[20:36:39] [Async Chat Thread - #82/INFO]: [Not Secure] <Xautral> elije
[20:36:39] [Async Chat Thread - #82/INFO]: [Not Secure] <PixrlCraftero_> q
[20:36:45] [Async Chat Thread - #82/INFO]: [Not Secure] <Xautral> omega o doku?
[20:36:49] [Async Chat Thread - #82/INFO]: [Not Secure] <PixrlCraftero_> omega
[20:37:00] [Async Chat Thread - #82/INFO]: [Not Secure] <Mixths> ostia
[20:37:00] [Server thread/INFO]: Xautral issued server command: /loot give michikosam loot minecraft:chests/end_city_treasure
[20:37:01] [Server thread/INFO]: [Legacy Omega] michikosam has made the advancement [Cover Me with Diamonds]
[20:37:01] [Server thread/INFO]: Xautral issued server command: /loot give michikosam loot minecraft:chests/end_city_treasure
[20:37:01] [Server thread/INFO]: Xautral issued server command: /loot give michikosam loot minecraft:chests/end_city_treasure
[20:37:01] [Server thread/INFO]: [Legacy Omega] michikosam has made the advancement [Acquire Hardware]
[20:37:01] [Server thread/INFO]: Xautral issued server command: /loot give michikosam loot minecraft:chests/end_city_treasure
[20:37:06] [Server thread/INFO]: Xautral issued server command: /loot give michikosam loot minecraft:chests/spawn_bonus_chest
[20:37:06] [Server thread/INFO]: Xautral issued server command: /loot give michikosam loot minecraft:chests/spawn_bonus_chest
[20:37:06] [Server thread/INFO]: [Legacy Omega] michikosam has made the advancement [Getting an Upgrade]
[20:37:06] [Server thread/INFO]: Xautral issued server command: /loot give michikosam loot minecraft:chests/spawn_bonus_chest
[20:37:07] [Async Chat Thread - #82/INFO]: [Not Secure] <michikosam> a la shet
[20:37:13] [Async Chat Thread - #82/INFO]: [Not Secure] <Xautral> Mixths aceptas a PixrlCraftero_?
[20:37:15] [Async Chat Thread - #82/INFO]: [Not Secure] <_BlazerRed_> como le hacen
[20:37:18] [Async Chat Thread - #82/INFO]: [Not Secure] <Mixths> SI
[20:37:22] [Async Chat Thread - #82/INFO]: [Not Secure] <PixrlCraftero_> va
[20:37:23] [Server thread/INFO]: Xautral issued server command: /tp PixrlCraftero_ Mixths
[20:37:23] [Server thread/INFO]: [Xautral: Teleported PixrlCraftero_ to [Legacy Omega] Mixths]
[20:37:23] [Async Chat Thread - #82/INFO]: [Not Secure] <_BlazerRed_> ami no me dieron ni diamante xd
[20:37:26] [Async Chat Thread - #82/INFO]: [Not Secure] <Xautral> a disculpa
[20:37:27] [Async Chat Thread - #82/INFO]: [Not Secure] <Xautral> se me paso
[20:37:28] [Async Chat Thread - #82/INFO]: [Not Secure] <PixrlCraftero_> hola chicos
[20:37:31] [Async Chat Thread - #82/INFO]: [Not Secure] <michikosam> ese tipo me mato
[20:37:32] [Server thread/INFO]: Xautral issued server command: /loot give _BlazerRed_ loot minecraft:chests/end_city_treasure
[20:37:32] [Server thread/INFO]: Xautral issued server command: /loot give _BlazerRed_ loot minecraft:chests/end_city_treasure
[20:37:32] [Server thread/INFO]: Xautral issued server command: /loot give _BlazerRed_ loot minecraft:chests/end_city_treasure
[20:37:40] [Server thread/INFO]: Xautral issued server command: /team join Omega PixrlCraftero_
[20:37:40] [Server thread/INFO]: [Xautral: Added [Legacy Omega] PixrlCraftero_ to team [Omega]]
[20:37:42] [Server thread/INFO]: Xautral issued server command: /tp michikosam
[20:37:42] [Server thread/INFO]: [Xautral: Teleported Xautral to [Legacy Omega] michikosam]
[20:37:43] [Async Chat Thread - #82/INFO]: [Not Secure] <Mixths> equipo
[20:37:46] [Async Chat Thread - #82/INFO]: [Not Secure] <PixrlCraftero_> vava
[20:37:48] [Server thread/INFO]: Xautral issued server command: /effect give Xautral minecraft:night_vision infinite 25 true
[20:37:48] [Server thread/INFO]: [Xautral: Applied effect Night Vision to Xautral]
[20:37:50] [Server thread/INFO]: [Legacy Omega] PixrlCraftero_ has made the advancement [Stone Age]
[20:37:50] [Async Chat Thread - #82/INFO]: [Not Secure] <michikosam> tengo 4 palas
[20:37:54] [Async Chat Thread - #81/INFO]: [Not Secure] <Mixths> hagamos un grupito por dc no?
[20:37:57] [Async Chat Thread - #81/INFO]: [Not Secure] <PixrlCraftero_> vava
[20:37:59] [Async Chat Thread - #81/INFO]: [Not Secure] <_BlazerRed_> seh
[20:38:06] [Async Chat Thread - #81/INFO]: [Not Secure] <Mixths> dale yo lo creo
[20:38:14] [Async Chat Thread - #81/INFO]: [Not Secure] <PixrlCraftero_> dale
[20:38:25] [User Authenticator #20/INFO]: UUID of player joaquinab12 is 908974e2-6f41-39f9-85cd-696806f6bd58
[20:38:25] [Server thread/INFO]: joaquinab12 joined the game
[20:38:25] [Server thread/INFO]: joaquinab12[/127.90.217.42:45575] logged in with entity id 60517 at ([world]-226.5, 63.0, -197.5)
[20:38:32] [Server thread/INFO]: michikosam lost connection: Disconnected
[20:38:32] [Server thread/INFO]: [Legacy Omega] michikosam left the game
[20:38:46] [Async Chat Thread - #81/INFO]: [Not Secure] <Mixths> pasenme sus dc
[20:39:10] [Async Chat Thread - #81/INFO]: [Not Secure] <PixrlCraftero_> Mixths el mio es pixrlcraftero_
[20:39:27] [Server thread/INFO]: joaquinab12 has made the advancement [We Need to Go Deeper]
[20:39:43] [User Authenticator #21/INFO]: UUID of player ShanayX2 is d66cd3e6-f582-3816-97ee-20d5393d01c6
[20:39:49] [Server thread/INFO]: [Realm of Dxmonic Players] ShanayX2 joined the game
[20:39:49] [Server thread/INFO]: ShanayX2[/127.199.137.221:43601] logged in with entity id 61292 at ([world]203.30000001192093, 40.00263499877761, 632.2931365355964)
[20:39:52] [Server thread/INFO]: [Legacy Omega] _BlazerRed_ has made the advancement [Cover Me with Diamonds]
[20:40:04] [Async Chat Thread - #81/INFO]: [Not Secure] <Mixths> PixrlCraftero_ pasame tu dc
[20:40:11] [Async Chat Thread - #81/INFO]: [Not Secure] <PixrlCraftero_> es pixrlcraftero_
[20:40:34] [Async Chat Thread - #81/INFO]: [Not Secure] <Xautral> hola joaquinab12
[20:40:37] [Async Chat Thread - #81/INFO]: [Not Secure] <joaquinab12> ola
[20:40:41] [Async Chat Thread - #81/INFO]: [Not Secure] <Xautral> eres del srv de dc?
[20:40:41] [Async Chat Thread - #81/INFO]: [Not Secure] <Mixths> Xautral
[20:40:46] [Async Chat Thread - #81/INFO]: [Not Secure] <Mixths> joaquinab12 pa mi
[20:40:47] [Async Chat Thread - #81/INFO]: [Not Secure] <Xautral> o eres amigo del Mixths
[20:40:53] [Async Chat Thread - #81/INFO]: [Not Secure] <joaquinab12> amigo de Mixths
[20:40:55] [Async Chat Thread - #81/INFO]: [Not Secure] <Xautral> okey
[20:41:00] [Server thread/INFO]: Xautral issued server command: /tp joaquinab12 Mixths
[20:41:00] [Server thread/INFO]: [Xautral: Teleported joaquinab12 to [Legacy Omega] Mixths]
[20:41:01] [Server thread/INFO]: [Doku Kingdom] Hzon0 has made the advancement [A Seedy Place]
[20:41:04] [Async Chat Thread - #81/INFO]: [Not Secure] <Xautral> oy Mixths
[20:41:04] [Async Chat Thread - #81/INFO]: [Not Secure] <PixrlCraftero_> denme 1 de hierro
[20:41:07] [Async Chat Thread - #81/INFO]: [Not Secure] <Xautral> pero tienes que invitarlo al srv de dc
[20:41:10] [Async Chat Thread - #81/INFO]: [Not Secure] <Xautral> para darle el kit
[20:41:15] [Async Chat Thread - #81/INFO]: [Not Secure] <Mixths> te mande soli PixrlCraftero_
[20:41:23] [Server thread/INFO]: Xautral issued server command: /team join Omega joaquinab12
[20:41:23] [Server thread/INFO]: [Xautral: Added [Legacy Omega] joaquinab12 to team [Omega]]
[20:41:23] [Async Chat Thread - #82/INFO]: [Not Secure] <PixrlCraftero_> ya
[20:41:30] [Async Chat Thread - #82/INFO]: [Not Secure] <Mixths> Xautral dale cosas al joaquinab12
[20:41:36] [Async Chat Thread - #82/INFO]: [Not Secure] <Xautral> se dice porfavor
[20:41:37] [Async Chat Thread - #81/INFO]: [Not Secure] <_BlazerRed_> vamo mas ala civ
[20:41:37] [Async Chat Thread - #81/INFO]: [Not Secure] <Xautral> aparte
[20:41:39] [Async Chat Thread - #81/INFO]: [Not Secure] <joaquinab12> e
[20:41:40] [Async Chat Thread - #81/INFO]: [Not Secure] <Xautral> pero tienes que invitarlo al srv de dc
[20:41:40] [Async Chat Thread - #82/INFO]: [Not Secure] <Mixths> porfavor
[20:41:43] [Async Chat Thread - #81/INFO]: [Not Secure] <Xautral> para eso
[20:41:47] [Server thread/INFO]: [Legacy Omega] joaquinab12 has made the advancement [Stone Age]
[20:41:47] [Async Chat Thread - #81/INFO]: [Not Secure] <Mixths> a ok
[20:41:51] [Async Chat Thread - #81/INFO]: [Not Secure] <Xautral> que tal si es una mulit :vg
[20:42:02] [Server thread/INFO]: [Legacy Omega] joaquinab12 has made the advancement [Getting an Upgrade]
[20:42:59] [Server thread/INFO]: Xautral issued server command: /loot give joaquinab12 loot minecraft:chests/end_city_treasure
[20:42:59] [Server thread/INFO]: [Legacy Omega] joaquinab12 has made the advancement [Cover Me with Diamonds]
[20:42:59] [Server thread/INFO]: Xautral issued server command: /loot give joaquinab12 loot minecraft:chests/end_city_treasure
[20:42:59] [Server thread/INFO]: [Legacy Omega] joaquinab12 has made the advancement [Suit Up]
[20:42:59] [Server thread/INFO]: [Legacy Omega] joaquinab12 has made the advancement [Isn't It Iron Pick]
[20:43:00] [Server thread/INFO]: Xautral issued server command: /loot give joaquinab12 loot minecraft:chests/end_city_treasure
[20:43:00] [Server thread/INFO]: [Legacy Omega] joaquinab12 has made the advancement [Acquire Hardware]
[20:43:31] [Async Chat Thread - #83/INFO]: [Not Secure] <Xautral> Hzon0
[20:43:35] [Async Chat Thread - #83/INFO]: [Not Secure] <Xautral> sexo
[20:45:05] [Server thread/INFO]: [Doku Kingdom] Hzon0 has made the advancement [Take Aim]
[20:46:22] [Server thread/INFO]: PixrlCraftero_ issued server command: /is
[20:46:36] [Server thread/INFO]: Villager Villager['Villager'/38368, uuid='edc7a417-55af-4f1a-bac5-3b22554382c4', l='ServerLevel[world]', x=594.79, y=74.19, z=-1955.92, cpos=[37, -123], tl=49654, v=true] died, message: 'Villager was slain by Zombie'
[20:47:05] [Server thread/INFO]: [Legacy Omega] joaquinab12 has made the advancement [Monster Hunter]
[20:47:29] [Server thread/INFO]: ShanayX2 was kicked due to keepalive timeout!
[20:47:29] [Server thread/INFO]: ShanayX2 lost connection: Timed out
[20:47:29] [Server thread/INFO]: ShanayX2 left the game
[20:48:04] [User Authenticator #22/INFO]: UUID of player ShanayX2 is d66cd3e6-f582-3816-97ee-20d5393d01c6
[20:48:05] [Server thread/INFO]: [Realm of Dxmonic Players] ShanayX2 joined the game
[20:48:05] [Server thread/INFO]: ShanayX2[/127.199.137.221:41217] logged in with entity id 66556 at ([world]146.69999998807907, 37.0, 755.3000000119209)
[20:48:09] [Async Chat Thread - #85/INFO]: [Not Secure] <Xautral> que pendejo
[20:48:16] [Async Chat Thread - #85/INFO]: [Not Secure] <Xautral> quien se sale y une al mismo tiempo?
[20:48:46] [Server thread/INFO]: [Legacy Omega] Mixths has made the advancement [Diamonds!]
[20:48:53] [Server thread/INFO]: [Legacy Omega] PixrlCraftero_ was slain by Enderman
[20:49:07] [Async Chat Thread - #85/INFO]: [Not Secure] <PixrlCraftero_> Xautral
[20:49:15] [Async Chat Thread - #85/INFO]: [Not Secure] <PixrlCraftero_> Xautral
[20:49:17] [Server thread/INFO]: [Legacy Omega] Mixths drowned
[20:49:27] [Server thread/INFO]: [Legacy Omega] _BlazerRed_ has made the advancement [Diamonds!]
[20:49:30] [Async Chat Thread - #85/INFO]: [Not Secure] <PixrlCraftero_> Xautral
[20:49:49] [Async Chat Thread - #85/INFO]: [Not Secure] <PixrlCraftero_> Xautral
[20:50:06] [Async Chat Thread - #85/INFO]: [Not Secure] <Mixths> Xautral nos podrias reletrasnportar a mi y a PixrlCraftero_ donde joaquinab12 porfavor?
[20:50:11] [Async Chat Thread - #85/INFO]: [Not Secure] <PixrlCraftero_> si
[20:50:22] [Async Chat Thread - #85/INFO]: [Not Secure] <ShanayX2> coma pilin
[20:50:33] [Server thread/INFO]: [Legacy Omega] PixrlCraftero_ has made the advancement [Monster Hunter]
[20:50:51] [Async Chat Thread - #85/INFO]: [Not Secure] <PixrlCraftero_> Xautral
[20:50:52] [Async Chat Thread - #85/INFO]: [Not Secure] <PixrlCraftero_> we
[20:50:53] [Async Chat Thread - #85/INFO]: [Not Secure] <PixrlCraftero_> XD
[20:50:56] [Async Chat Thread - #85/INFO]: [Not Secure] <Xautral> que
[20:50:59] [Async Chat Thread - #85/INFO]: [Not Secure] <Mixths> Xautral nos podrias reletrasnportar a mi y a PixrlCraftero_ donde joaquinab12 porfavor?
[20:51:04] [Server thread/INFO]: Xautral issued server command: /tp PixrlCraftero_ Mixths
[20:51:04] [Server thread/INFO]: [Xautral: Teleported [Legacy Omega] PixrlCraftero_ to [Legacy Omega] Mixths]
[20:51:06] [Async Chat Thread - #85/INFO]: [Not Secure] <PixrlCraftero_> gracias
[20:51:08] [Server thread/INFO]: Xautral issued server command: /tp joaquinab12 Mixths
[20:51:08] [Server thread/INFO]: [Xautral: Teleported [Legacy Omega] joaquinab12 to [Legacy Omega] Mixths]
[20:51:10] [Async Chat Thread - #85/INFO]: [Not Secure] <joaquinab12> e
[20:51:13] [Async Chat Thread - #85/INFO]: [Not Secure] <PixrlCraftero_> a
[20:51:16] [Async Chat Thread - #85/INFO]: [Not Secure] <joaquinab12> AJAJAJ
[20:51:17] [Async Chat Thread - #85/INFO]: [Not Secure] <Mixths> A
[20:51:18] [Async Chat Thread - #85/INFO]: [Not Secure] <PixrlCraftero_> joaquinab12 dame algo XD
[20:51:27] [Server thread/INFO]: ShanayX2 lost connection: Disconnected
[20:51:27] [Server thread/INFO]: [Realm of Dxmonic Players] ShanayX2 left the game
[20:51:31] [User Authenticator #23/INFO]: UUID of player ShanayX2 is d66cd3e6-f582-3816-97ee-20d5393d01c6
[20:51:34] [Server thread/INFO]: [Realm of Dxmonic Players] ShanayX2 joined the game
[20:51:34] [Server thread/INFO]: ShanayX2[/127.199.137.221:50261] logged in with entity id 68821 at ([world]182.9611466314313, 86.0, 903.7767869465941)
[20:51:43] [Async Chat Thread - #85/INFO]: [Not Secure] <Xautral> algo
[20:51:45] [Server thread/INFO]: Xautral issued server command: /tp @r
[20:51:45] [Server thread/INFO]: [Xautral: Teleported Xautral to [Legacy Omega] PixrlCraftero_]
[20:51:48] [Server thread/INFO]: [Legacy Omega] Mixths has made the advancement [Getting an Upgrade]
[20:51:50] [Server thread/INFO]: [Legacy Omega] PixrlCraftero_ has made the advancement [Take Aim]
[20:51:51] [Server thread/INFO]: [Legacy Omega] PixrlCraftero_ has made the advancement [Isn't It Iron Pick]
[20:51:54] [Server thread/INFO]: Xautral issued server command: /tp _BlazerRed_
[20:51:54] [Server thread/INFO]: [Xautral: Teleported Xautral to [Legacy Omega] _BlazerRed_]
[20:53:51] [Server thread/WARN]: ShanayX2 moved too quickly! -1.2224883902377428,1.0895466953368036,10.165804831230957
[20:53:55] [Server thread/WARN]: ShanayX2 was kicked for floating too long!
[20:53:55] [Server thread/INFO]: ShanayX2 lost connection: Flying is not enabled on this server
[20:53:55] [Server thread/INFO]: ShanayX2 left the game
[20:53:58] [User Authenticator #24/INFO]: UUID of player ShanayX2 is d66cd3e6-f582-3816-97ee-20d5393d01c6
[20:53:58] [Server thread/INFO]: [Realm of Dxmonic Players] ShanayX2 joined the game
[20:53:58] [Server thread/INFO]: ShanayX2[/127.199.137.221:55189] logged in with entity id 70826 at ([world]273.37718970669897, -28.912290740587665, 1006.6222249111393)
[20:54:19] [Server thread/INFO]: [Legacy Omega] PixrlCraftero_ was shot by Skeleton
[20:54:31] [Server thread/INFO]: ShanayX2 was kicked due to keepalive timeout!
[20:54:31] [Server thread/INFO]: ShanayX2 lost connection: Timed out
[20:54:31] [Server thread/INFO]: ShanayX2 left the game
[20:55:20] [User Authenticator #25/INFO]: UUID of player ShanayX2 is d66cd3e6-f582-3816-97ee-20d5393d01c6
[20:55:21] [Server thread/INFO]: [Realm of Dxmonic Players] ShanayX2 joined the game
[20:55:21] [Server thread/INFO]: ShanayX2[/127.199.137.221:45967] logged in with entity id 72329 at ([world]273.37718970669897, -31.0, 1006.6222249111393)
[20:55:25] [Async Chat Thread - #87/INFO]: [Not Secure] <PixrlCraftero_> Xautral
[20:55:27] [Async Chat Thread - #87/INFO]: [Not Secure] <Xautral> que
[20:55:33] [Async Chat Thread - #87/INFO]: [Not Secure] <PixrlCraftero_> tepeame a joaquinab12
[20:55:34] [Server thread/INFO]: ShanayX2 lost connection: Disconnected
[20:55:34] [Server thread/INFO]: [Realm of Dxmonic Players] ShanayX2 left the game
[20:55:46] [Async Chat Thread - #87/INFO]: [Not Secure] <Xautral> como se dice?
[20:55:51] [Async Chat Thread - #87/INFO]: [Not Secure] <PixrlCraftero_> porfavor
[20:55:54] [Server thread/INFO]: Xautral issued server command: /effect give @a minecraft:saturation 25 25 false
[20:55:54] [Server thread/INFO]: [Xautral: Applied effect Saturation to 8 targets]
[20:55:55] [Async Chat Thread - #87/INFO]: [Not Secure] <PixrlCraftero_> jj
[20:55:58] [Server thread/INFO]: Xautral issued server command: /tp PixrlCraftero_ joaquinab12
[20:55:58] [Server thread/INFO]: [Xautral: Teleported [Legacy Omega] PixrlCraftero_ to [Legacy Omega] joaquinab12]
[20:56:00] [Async Chat Thread - #87/INFO]: [Not Secure] <PixrlCraftero_> gracias
[20:56:05] [User Authenticator #25/INFO]: UUID of player ShanayX2 is d66cd3e6-f582-3816-97ee-20d5393d01c6
[20:56:06] [Server thread/INFO]: [Realm of Dxmonic Players] ShanayX2 joined the game
[20:56:06] [Server thread/INFO]: ShanayX2[/127.199.137.221:50871] logged in with entity id 73125 at ([world]273.37718970669897, -31.0, 1006.6222249111393)
[20:56:16] [Async Chat Thread - #87/INFO]: [Not Secure] <joaquinab12> gracias
[20:56:44] [Server thread/INFO]: [Legacy Omega] Mixths has made the advancement [We Need to Go Deeper]
[20:56:54] [Server thread/INFO]: Not_Unfsiae issued server command: /msg Xautral activa la locator bar en el nether :hot_face:
[20:56:58] [Server thread/INFO]: Not_Unfsiae issued server command: /msg Xautral ya que no se pierden items
[20:57:17] [Server thread/INFO]: Xautral issued server command: /msg Not_Unfsiae nunca falta el pendejo que tiene una base en el nether
[20:57:26] [Server thread/INFO]: Not_Unfsiae issued server command: /msg Xautral soy ese
[20:57:37] [Async Chat Thread - #87/INFO]: [Not Secure] <Mixths> Xautral me teletransportas donde joaquinab12 porfis :)
[20:57:56] [User Authenticator #26/INFO]: UUID of player Ghostt29 is 2f1ce107-0f02-3fda-a634-70d6c68a2f42
[20:57:59] [Server thread/INFO]: [Doku Kingdom] Hzon0 was blown up by Creeper
[20:58:00] [Server thread/INFO]: [Realm of Dxmonic Players] Ghostt29 joined the game
[20:58:00] [Server thread/INFO]: Ghostt29[/127.157.122.236:46315] logged in with entity id 75072 at ([world]567.3000000119209, 78.0, 988.801850925727)
[20:58:04] [Server thread/INFO]: Xautral issued server command: /tp Mixths joaquinab12
[20:58:04] [Server thread/INFO]: [Xautral: Teleported [Legacy Omega] Mixths to [Legacy Omega] joaquinab12]
[20:58:04] [Async Chat Thread - #87/INFO]: [Not Secure] <Hzon0> xd
[20:58:09] [Async Chat Thread - #87/INFO]: [Not Secure] <Mixths> gracias
[20:58:34] [Async Chat Thread - #87/INFO]: [Not Secure] <Ghostt29> asumare 20k personas xd
[20:58:40] [Async Chat Thread - #87/INFO]: [Not Secure] <Ghostt29> shanay
[20:58:43] [Server thread/INFO]: Xautral issued server command: /list
[20:58:45] [Async Chat Thread - #87/INFO]: [Not Secure] <Xautral> son 10
[20:58:46] [Async Chat Thread - #87/INFO]: [Not Secure] <Xautral> de 20
[20:58:50] [Async Chat Thread - #87/INFO]: [Not Secure] <Ghostt29> :v
[20:58:52] [Async Chat Thread - #87/INFO]: [Not Secure] <Xautral> vamono de fieta factory
[20:58:55] [Server thread/INFO]: Villager Villager['Villager'/61375, uuid='f709c33a-2755-4fc8-8bb6-5d018e807827', l='ServerLevel[world]', x=81.79, y=69.00, z=689.38, cpos=[5, 43], tl=22898, v=true] died, message: 'Villager was slain by Zombie'
[20:58:55] [Async Chat Thread - #87/INFO]: [Not Secure] <Ghostt29> si xd
[20:59:00] [Async Chat Thread - #87/INFO]: [Not Secure] <Ghostt29> xautral
[20:59:03] [Async Chat Thread - #87/INFO]: [Not Secure] <Ghostt29> shanay esta afk?
[20:59:10] [Async Chat Thread - #87/INFO]: [Not Secure] <ShanayX2> no
[20:59:24] [Server thread/INFO]: [Legacy Omega] joaquinab12 has made the advancement [Not Today, Thank You]
[20:59:28] [Async Chat Thread - #87/INFO]: [Not Secure] <Ghostt29> shanay
[20:59:31] [Async Chat Thread - #87/INFO]: [Not Secure] <ShanayX2> mande
[20:59:35] [Async Chat Thread - #87/INFO]: [Not Secure] <Ghostt29> tengo ya las coords de la stronghold creo xd
[20:59:38] [Async Chat Thread - #87/INFO]: [Not Secure] <Not_Unfsiae> pasalas
[20:59:41] [Async Chat Thread - #87/INFO]: [Not Secure] <Not_Unfsiae> :V
[20:59:45] [Async Chat Thread - #87/INFO]: [Not Secure] <ShanayX2> Ghostt29 ya fui yo
[20:59:46] [Async Chat Thread - #87/INFO]: [Not Secure] <ShanayX2> xd
[20:59:47] [Async Chat Thread - #87/INFO]: [Not Secure] <Ghostt29> :v
[20:59:50] [Async Chat Thread - #87/INFO]: [Not Secure] <Ghostt29> q rata xd
[20:59:54] [Async Chat Thread - #87/INFO]: [Not Secure] <Ghostt29> las tienes?
[20:59:59] [Async Chat Thread - #87/INFO]: [Not Secure] <ShanayX2> no guey
[21:00:02] [Async Chat Thread - #87/INFO]: [Not Secure] <ShanayX2> la neta me mori
[21:00:04] [Async Chat Thread - #87/INFO]: [Not Secure] <ShanayX2> pero no tenia nada
[21:00:05] [Async Chat Thread - #87/INFO]: [Not Secure] <Ghostt29> :vvv
[21:00:20] [Async Chat Thread - #87/INFO]: [Not Secure] <Not_Unfsiae> yo fui al end y los barcos estaban vacios
[21:00:32] [Server thread/INFO]: joaquinab12 issued server command: /msg Mixths
[21:00:33] [Async Chat Thread - #87/INFO]: [Not Secure] <ShanayX2> yo ni los encontre
[21:00:34] [Server thread/INFO]: joaquinab12 issued server command: /msg Mixths w
[21:00:40] [Async Chat Thread - #88/INFO]: [Not Secure] <Mixths> GG
[21:00:44] [Server thread/INFO]: joaquinab12 issued server command: /msg Mixths hace cuanto comenzo este survival
[21:00:57] [Async Chat Thread - #87/INFO]: [Not Secure] <Mixths> NO C
[21:01:00] [Server thread/INFO]: ShanayX2 issued server command: /msg Ghostt29 not_unsfiae radeo nuestra base, entonces yo encontre la suya y lo radeie
[21:01:17] [Async Chat Thread - #88/INFO]: [Not Secure] <_BlazerRed_> vamo mas ala civ
[21:01:24] [Async Chat Thread - #88/INFO]: [Not Secure] <ShanayX2> cords?
[21:01:28] [Async Chat Thread - #88/INFO]: [Not Secure] <ShanayX2> manda...
[21:01:44] [Server thread/INFO]: Ghostt29 issued server command: /msg ShanayX2 aun hay cosas en nuestra base??
[21:01:50] [Server thread/INFO]: ShanayX2 issued server command: /msg Ghostt29 aldeanos
[21:01:55] [Async Chat Thread - #88/INFO]: [Not Secure] <Ghostt29> god xd
[21:02:15] [Server thread/INFO]: _BlazerRed_ issued server command: /msg Xautral me podes tpear a mixths?
[21:02:24] [Async Chat Thread - #87/INFO]: [Not Secure] <Mixths> joaquinab12
[21:02:26] [Async Chat Thread - #87/INFO]: [Not Secure] <joaquinab12> q
[21:02:27] [Async Chat Thread - #87/INFO]: [Not Secure] <Mixths> PERATEEE
[21:02:29] [Async Chat Thread - #87/INFO]: [Not Secure] <Mixths> donde tas
[21:02:35] [Async Chat Thread - #87/INFO]: [Not Secure] <joaquinab12> volve
[21:02:42] [Async Chat Thread - #87/INFO]: [Not Secure] <Mixths> HA YA
[21:03:06] [Server thread/INFO]: PixrlCraftero_ lost connection: Disconnected
[21:03:06] [Server thread/INFO]: [Legacy Omega] PixrlCraftero_ left the game
[21:03:21] [Server thread/INFO]: _BlazerRed_ issued server command: /msg Xautral me podes tpear a mixths?
[21:03:27] [Server thread/WARN]: Ghostt29 moved too quickly! 0.80471565636185,1.0,11.012019924316064
[21:04:15] [Server thread/INFO]: Xautral issued server command: /tp _BlazerRed_ Mixths
[21:04:15] [Server thread/INFO]: [Xautral: Teleported [Legacy Omega] _BlazerRed_ to [Legacy Omega] Mixths]
[21:05:29] [Server thread/INFO]: Ghostt29 issued server command: /msg ShanayX2 we hay cosas en la base
[21:05:33] [Server thread/INFO]: ShanayX2 issued server command: /msg Ghostt29 si?
[21:05:37] [Server thread/INFO]: [Realm of Souls] Not_Unfsiae tried to swim in lava
[21:05:45] [Async Chat Thread - #89/INFO]: [Not Secure] <ShanayX2> JAAJJAJAJ
[21:05:46] [Server thread/INFO]: Ghostt29 lost connection: Disconnected
[21:05:46] [Server thread/INFO]: [Realm of Dxmonic Players] Ghostt29 left the game
[21:05:49] [Async Chat Thread - #89/INFO]: [Not Secure] <Not_Unfsiae> ?
[21:05:58] [Async Chat Thread - #89/INFO]: [Not Secure] <Not_Unfsiae> lil bro piensa que me mori accidentalmente
[21:06:03] [Server thread/INFO]: [Doku Kingdom] Hzon0 was slain by Zombie
[21:06:10] [Async Chat Thread - #89/INFO]: [Not Secure] <ShanayX2> "lil bro"
[21:06:17] [Async Chat Thread - #89/INFO]: [Not Secure] <Not_Unfsiae> si, lil bro
[21:06:41] [Async Chat Thread - #89/INFO]: [Not Secure] <ShanayX2> q es tu edad pinche pica culo
[21:06:43] [Server thread/INFO]: Xautral lost connection: Timed out
[21:06:43] [Server thread/INFO]: Xautral left the game
[21:06:51] [Async Chat Thread - #89/INFO]: [Not Secure] <Not_Unfsiae> eres mexicano?
[21:06:59] [Async Chat Thread - #89/INFO]: [Not Secure] <ShanayX2> eres bautista?
[21:09:17] [User Authenticator #27/INFO]: UUID of player nekosams is 206bb4ef-5614-33ed-8fd6-f41f26f42786
[21:09:18] [Server thread/INFO]: [Legacy Omega] _BlazerRed_ was slain by Spider
[21:09:19] [Server thread/INFO]: nekosams joined the game
[21:09:19] [Server thread/INFO]: nekosams[/127.171.216.179:32943] logged in with entity id 90531 at ([world]213.16458026509812, -46.0, 149.28750789192947)
[21:10:01] [User Authenticator #27/INFO]: UUID of player gabwst is f61895a7-1051-302b-9f6c-8ff8bf97f16f
[21:10:01] [Server thread/INFO]: gabwst joined the game
[21:10:01] [Server thread/INFO]: gabwst[/127.164.52.57:33711] logged in with entity id 91784 at ([world]-227.5, 63.0, -199.5)
[21:10:21] [Server thread/INFO]: Hzon0 lost connection: Disconnected
[21:10:21] [Server thread/INFO]: [Doku Kingdom] Hzon0 left the game
[21:10:24] [Server thread/INFO]: ShanayX2 lost connection: Disconnected
[21:10:24] [Server thread/INFO]: [Realm of Dxmonic Players] ShanayX2 left the game
[21:10:28] [User Authenticator #27/INFO]: UUID of player ShanayX2 is d66cd3e6-f582-3816-97ee-20d5393d01c6
[21:10:28] [Server thread/INFO]: [Realm of Dxmonic Players] ShanayX2 joined the game
[21:10:28] [Server thread/INFO]: ShanayX2[/127.199.137.221:51197] logged in with entity id 92139 at ([world]311.3095998020812, -39.0, 1067.1262612233043)
[21:10:36] [Async Chat Thread - #91/INFO]: [Not Secure] <Mixths> GABS equipate mientras tanto se une el admin para e te tepee
[21:10:48] [Async Chat Thread - #91/INFO]: [Not Secure] <gabwst> ok
[21:10:56] [Async Chat Thread - #91/INFO]: [Not Secure] <joaquinab12> gabwst
[21:10:59] [Async Chat Thread - #91/INFO]: [Not Secure] <joaquinab12> holaa
[21:11:02] [Async Chat Thread - #91/INFO]: [Not Secure] <gabwst> oa
[21:11:29] [Server thread/INFO]: gabwst has made the advancement [Stone Age]
[21:11:37] [Server thread/INFO]: gabwst has made the advancement [Getting an Upgrade]
[21:11:37] [Server thread/INFO]: _BlazerRed_ lost connection: Disconnected
[21:11:37] [Server thread/INFO]: [Legacy Omega] _BlazerRed_ left the game
[21:11:49] [User Authenticator #28/INFO]: UUID of player Xautral is 86f4fd4a-173d-3e06-a1bf-669194d778d7
[21:11:52] [Server thread/INFO]: ShanayX2 lost connection: Disconnected
[21:11:52] [Server thread/INFO]: [Realm of Dxmonic Players] ShanayX2 left the game
[21:11:55] [Server thread/INFO]: Xautral joined the game
[21:11:55] [Server thread/INFO]: Xautral[/127.64.171.42:41873] logged in with entity id 94058 at ([world]-336.4579501148116, 68.16610926093821, -719.9373972036582)
[21:11:59] [Async Chat Thread - #91/INFO]: [Not Secure] <Mixths> Xautral
[21:12:20] [Async Chat Thread - #91/INFO]: [Not Secure] <Mixths> puedes unir a gabwst a mi equipo?
[21:12:24] [Async Chat Thread - #91/INFO]: [Not Secure] <Mixths> porfavor
[21:12:36] [Async Chat Thread - #91/INFO]: [Not Secure] <Xautral> okey
[21:12:45] [Server thread/INFO]: Xautral issued server command: /team join Souls nekosams
[21:12:45] [Server thread/INFO]: [Xautral: Added [Realm of Souls] nekosams to team [Souls]]
[21:12:48] [Server thread/INFO]: Xautral issued server command: /tp nekosams nekosams
[21:12:48] [Server thread/INFO]: [Xautral: Teleported [Realm of Souls] nekosams to [Realm of Souls] nekosams]
[21:12:51] [Server thread/INFO]: Xautral issued server command: /tp nekosams Not_Unfsiae
[21:12:51] [Server thread/INFO]: [Xautral: Teleported [Realm of Souls] nekosams to [Realm of Souls] Not_Unfsiae]
[21:12:54] [Async Chat Thread - #91/INFO]: [Not Secure] <Not_Unfsiae> ?
[21:12:55] [Server thread/INFO]: Xautral issued server command: /tp gabwst Mixths
[21:12:55] [Server thread/INFO]: [Xautral: Teleported gabwst to [Legacy Omega] Mixths]
[21:13:01] [Server thread/INFO]: Xautral issued server command: /team join Omega gabwst
[21:13:01] [Server thread/INFO]: [Xautral: Added [Legacy Omega] gabwst to team [Omega]]
[21:13:12] [Async Chat Thread - #91/INFO]: [Not Secure] <Not_Unfsiae> Xautral que fue ese tp?
[21:13:15] [Async Chat Thread - #91/INFO]: [Not Secure] <Xautral> lo tepié
[21:13:18] [Async Chat Thread - #93/INFO]: [Not Secure] <Not_Unfsiae> pa q?
[21:13:19] [Async Chat Thread - #93/INFO]: [Not Secure] <Xautral> es de tu civ no?
[21:13:21] [Async Chat Thread - #93/INFO]: [Not Secure] <Not_Unfsiae> si estaba en la base
[21:15:09] [Async Chat Thread - #94/INFO]: [Not Secure] <Xautral> chinga
[21:15:11] [Async Chat Thread - #94/INFO]: [Not Secure] <Xautral> no avisan
[21:15:13] [Async Chat Thread - #94/INFO]: [Not Secure] <Not_Unfsiae> ?
[21:15:22] [Async Chat Thread - #94/INFO]: [Not Secure] <Xautral> pasame cords de tu bse para tepiarlo
[21:15:28] [Async Chat Thread - #94/INFO]: [Not Secure] <Not_Unfsiae> quien
[21:15:29] [Async Chat Thread - #94/INFO]: [Not Secure] <Not_Unfsiae> yo?
[21:15:32] [Async Chat Thread - #94/INFO]: [Not Secure] <Xautral> no pendejo
[21:15:33] [Async Chat Thread - #94/INFO]: [Not Secure] <Xautral> la cueva
[21:15:53] [Async Chat Thread - #94/INFO]: [Not Secure] <Not_Unfsiae> ya volvio a la base el mismo
[21:15:57] [Server thread/INFO]: Xautral issued server command: /tp nekosams
[21:15:57] [Server thread/INFO]: [Xautral: Teleported Xautral to [Realm of Souls] nekosams]
[21:15:58] [Async Chat Thread - #94/INFO]: [Not Secure] <Xautral> todo puto
[21:17:16] [Server thread/INFO]: joaquinab12 lost connection: Disconnected
[21:17:16] [Server thread/INFO]: [Legacy Omega] joaquinab12 left the game
[21:17:48] [User Authenticator #29/INFO]: UUID of player Ghostt29 is 2f1ce107-0f02-3fda-a634-70d6c68a2f42
[21:17:50] [Server thread/INFO]: [Realm of Dxmonic Players] Ghostt29 joined the game
[21:17:50] [Server thread/INFO]: Ghostt29[/127.157.122.236:56669] logged in with entity id 100885 at ([world]761.5989572909589, 63.0, 1729.6652096202943)
[21:18:02] [Async Chat Thread - #96/INFO]: [Not Secure] <Ghostt29> se me fue la luz y regreso XDD
[21:18:18] [Async Chat Thread - #96/INFO]: [Not Secure] <Ghostt29> ae xautral
[21:18:56] [Server thread/INFO]: [Legacy Omega] gabwst has made the advancement [Acquire Hardware]
[21:19:00] [Server thread/INFO]: [Legacy Omega] gabwst has made the advancement [Isn't It Iron Pick]
[21:19:07] [Async Chat Thread - #96/INFO]: [Not Secure] <Xautral> hpña
[21:19:13] [Server thread/INFO]: Luchifra777 lost connection: Disconnected
[21:19:13] [Server thread/INFO]: [Realm of Souls] Luchifra777 left the game
[21:20:11] [Server thread/INFO]: Not_Unfsiae lost connection: Disconnected
[21:20:11] [Server thread/INFO]: [Realm of Souls] Not_Unfsiae left the game
[21:20:41] [User Authenticator #30/INFO]: UUID of player Not_Unfsiae is 10e07846-5855-337b-8e82-8e8923e7f660
[21:20:42] [Server thread/INFO]: [Realm of Souls] Not_Unfsiae joined the game
[21:20:42] [Server thread/INFO]: Not_Unfsiae[/127.86.216.191:51319] logged in with entity id 104231 at ([world_nether]23.090367405608188, 65.0, 96.30000001192093)
[21:21:10] [Server thread/INFO]: [Realm of Souls] nekosams has made the advancement [Hot Stuff]
[21:21:52] [Server thread/INFO]: [Realm of Dxmonic Players] Ghostt29 has made the advancement [Eye Spy]
[21:21:55] [Async Chat Thread - #98/INFO]: [Not Secure] <Ghostt29> asumare xd
[21:22:16] [Server thread/INFO]: [Legacy Omega] gabwst has made the advancement [Diamonds!]
[21:23:13] [Server thread/INFO]: Xautral lost connection: Timed out
[21:23:13] [Server thread/INFO]: Xautral left the game
[21:23:35] [Server thread/WARN]: Ghostt29 moved wrongly!
[21:23:41] [User Authenticator #31/INFO]: UUID of player juan514514 is 0d081a75-b73d-3c22-b63b-8debe38889ec
[21:23:43] [Server thread/INFO]: com.mojang.authlib.GameProfile@5f289217[id=0d081a75-b73d-3c22-b63b-8debe38889ec,name=juan514514,properties={}] lost connection: Disconnected
[21:24:06] [Server thread/INFO]: [Realm of Dxmonic Players] Ghostt29 has made the advancement [The End?]
[21:24:11] [Server thread/INFO]: elgrantemido (/127.88.0.82:59575) lost connection: Disconnected
[21:24:11] [User Authenticator #31/INFO]: UUID of player elgrantemido is 532f22de-7b5a-3f8c-a77d-b2985376d161
[21:24:17] [User Authenticator #31/INFO]: UUID of player elgrantemido is 532f22de-7b5a-3f8c-a77d-b2985376d161
[21:24:25] [Server thread/INFO]: elgrantemido joined the game
[21:24:25] [Server thread/INFO]: elgrantemido[/127.88.0.82:35743] logged in with entity id 106949 at ([world]-226.5, 63.0, -199.5)
[21:24:51] [User Authenticator #31/INFO]: UUID of player juan514514 is 0d081a75-b73d-3c22-b63b-8debe38889ec
[21:24:53] [Server thread/INFO]: juan514514 joined the game
[21:24:53] [Server thread/INFO]: juan514514[/127.100.49.19:35133] logged in with entity id 107479 at ([world]-227.5, 63.0, -196.5)
[21:25:15] [Server thread/INFO]: elgrantemido has made the advancement [Monster Hunter]
[21:25:29] [User Authenticator #31/INFO]: UUID of player Xautral is 86f4fd4a-173d-3e06-a1bf-669194d778d7
[21:25:30] [Server thread/INFO]: Xautral joined the game
[21:25:30] [Server thread/INFO]: Xautral[/127.64.171.42:34643] logged in with entity id 107884 at ([world]373.68682051098983, -35.0, 272.69999998807907)
[21:25:47] [Server thread/INFO]: juan514514 lost connection: Disconnected
[21:25:47] [Server thread/INFO]: juan514514 left the game
[21:26:23] [Async Chat Thread - #100/INFO]: [Not Secure] <Xautral> hola
[21:26:25] [Async Chat Thread - #100/INFO]: [Not Secure] <Xautral> elgrantemido
[21:26:29] [Async Chat Thread - #100/INFO]: [Not Secure] <Xautral> unirte o hacer?w
[21:26:32] [Async Chat Thread - #100/INFO]: [Not Secure] <Xautral> una civilizacion
[21:26:38] [Server thread/INFO]: [Realm of Dxmonic Players] Ghostt29 has made the advancement [Remote Getaway]
[21:26:42] [Server thread/INFO]: Xautral issued server command: /loot give elgrantemido loot minecraft:chests/end_city_treasure
[21:26:42] [Server thread/INFO]: elgrantemido has made the advancement [Cover Me with Diamonds]
[21:26:42] [Server thread/INFO]: elgrantemido has made the advancement [Acquire Hardware]
[21:26:42] [Server thread/INFO]: Xautral issued server command: /loot give elgrantemido loot minecraft:chests/end_city_treasure
[21:26:42] [Server thread/INFO]: elgrantemido has made the advancement [Isn't It Iron Pick]
[21:26:42] [Server thread/INFO]: Xautral issued server command: /loot give elgrantemido loot minecraft:chests/end_city_treasure
[21:26:42] [Server thread/INFO]: elgrantemido has made the advancement [Suit Up]
[21:26:43] [Server thread/INFO]: Xautral issued server command: /loot give elgrantemido loot minecraft:chests/end_city_treasure
[21:26:43] [Server thread/INFO]: Xautral issued server command: /loot give elgrantemido loot minecraft:chests/end_city_treasure
[21:26:48] [Server thread/INFO]: Villager Villager['Cartographer'/104420, uuid='7706c4cd-9349-48e5-a69f-63b4e51c70f5', l='ServerLevel[world]', x=192.26, y=38.00, z=641.68, cpos=[12, 40], tl=6991, v=true] died, message: 'Cartographer was slain by [Realm of Souls] Not_Unfsiae'
[21:26:50] [Server thread/INFO]: Xautral issued server command: /loot give elgrantemido loot minecraft:chests/spawn_bonus_chest
[21:26:51] [Server thread/INFO]: Xautral issued server command: /loot give elgrantemido loot minecraft:chests/spawn_bonus_chest
[21:26:51] [Server thread/INFO]: Xautral issued server command: /loot give elgrantemido loot minecraft:chests/spawn_bonus_chest
[21:26:51] [Server thread/INFO]: Xautral issued server command: /loot give elgrantemido loot minecraft:chests/spawn_bonus_chest
[21:26:54] [Server thread/INFO]: Xautral issued server command: /tp elgrantemido
[21:26:54] [Server thread/INFO]: [Xautral: Teleported Xautral to elgrantemido]
[21:26:56] [Server thread/INFO]: Villager Villager['Villager'/104419, uuid='85145844-2c03-4423-8fcd-17cc69cb81d1', l='ServerLevel[world]', x=201.99, y=35.00, z=665.22, cpos=[12, 41], tl=7155, v=true] died, message: 'Villager was slain by [Realm of Souls] Not_Unfsiae'
[21:27:02] [Server thread/INFO]: Villager Villager['Villager'/104418, uuid='4c0c5f6a-358c-431b-bac5-3032daa84354', l='ServerLevel[world]', x=201.71, y=37.61, z=652.13, cpos=[12, 40], tl=7269, v=true] died, message: 'Villager was slain by [Realm of Souls] Not_Unfsiae'
[21:27:06] [Server thread/INFO]: Xautral issued server command: /effect give elgrantemido minecraft:saturation 25565 25 false
[21:27:06] [Server thread/INFO]: [Xautral: Applied effect Saturation to elgrantemido]
[21:27:07] [Async Chat Thread - #100/INFO]: [Not Secure] <Xautral> elgrantemido?
[21:27:07] [Server thread/INFO]: [Xautral: Set own game mode to Creative Mode]
[21:27:08] [Server thread/INFO]: Villager Villager['Cartographer'/104429, uuid='962e3750-d9a1-4e9f-896d-48fad06d9233', l='ServerLevel[world]', x=186.47, y=37.00, z=645.52, cpos=[11, 40], tl=7399, v=true] died, message: 'Cartographer was slain by [Realm of Souls] Not_Unfsiae'
[21:27:10] [Async Chat Thread - #100/INFO]: [Not Secure] <Xautral> elgragemido
[21:27:12] [Server thread/INFO]: Villager Villager['Villager'/104431, uuid='dbf2e783-129f-4f84-a94b-386a6bcfc12d', l='ServerLevel[world]', x=184.50, y=37.00, z=657.02, cpos=[11, 41], tl=7475, v=true] died, message: 'Villager was slain by [Realm of Souls] Not_Unfsiae'
[21:27:13] [Async Chat Thread - #100/INFO]: [Not Secure] <Xautral> elgrangemido
[21:27:13] [Async Chat Thread - #100/INFO]: [Not Secure] <elgrantemido> dime
[21:27:14] [Async Chat Thread - #100/INFO]: [Not Secure] <Xautral> elgrangemido
[21:27:15] [Async Chat Thread - #100/INFO]: [Not Secure] <Xautral> te ando ahblando
[21:27:24] [Async Chat Thread - #100/INFO]: [Not Secure] <Xautral> quieres hacerte una civilizacion o unirte a una?
[21:27:28] [Server thread/INFO]: Villager Villager['Villager'/104422, uuid='19ab2f9e-7481-43ac-9bce-452984b9e9ad', l='ServerLevel[world]', x=172.47, y=38.00, z=643.49, cpos=[10, 40], tl=7799, v=true] died, message: 'Villager was slain by [Realm of Souls] Not_Unfsiae'
[21:27:31] [User Authenticator #32/INFO]: UUID of player ian_salazar81 is 692f912c-b816-3bdb-ba95-d7dd7385b20b
[21:27:32] [Server thread/INFO]: ian_salazar81 joined the game
[21:27:32] [Server thread/INFO]: ian_salazar81[/127.21.211.234:45609] logged in with entity id 109210 at ([world]-226.5, 63.0, -199.5)
[21:27:35] [Async Chat Thread - #101/INFO]: [Not Secure] <elgrantemido> a esque andaba consentrado
[21:27:39] [Async Chat Thread - #101/INFO]: [Not Secure] <Xautral> hola ian_salazar81
[21:27:41] [Async Chat Thread - #101/INFO]: [Not Secure] <ian_salazar81> hola
[21:27:46] [Server thread/INFO]: Villager Villager['Librarian'/104433, uuid='6bb4564d-10d9-4076-9070-72839a54066b', l='ServerLevel[world]', x=201.41, y=37.54, z=655.05, cpos=[12, 40], tl=8152, v=true] died, message: 'Librarian was slain by [Realm of Souls] Not_Unfsiae'
[21:27:49] [Async Chat Thread - #101/INFO]: [Not Secure] <elgrantemido> ASER una sivisasiom
[21:27:50] [Server thread/INFO]: Xautral issued server command: /loot give ian_salazar81 loot minecraft:chests/end_city_treasure
[21:27:50] [Server thread/INFO]: Xautral issued server command: /loot give ian_salazar81 loot minecraft:chests/end_city_treasure
[21:27:50] [Server thread/INFO]: ian_salazar81 has made the advancement [Cover Me with Diamonds]
[21:27:50] [Server thread/INFO]: ian_salazar81 has made the advancement [Isn't It Iron Pick]
[21:27:50] [Server thread/INFO]: ian_salazar81 has made the advancement [Suit Up]
[21:27:50] [Server thread/INFO]: Xautral issued server command: /loot give ian_salazar81 loot minecraft:chests/end_city_treasure
[21:27:53] [Async Chat Thread - #101/INFO]: [Not Secure] <Xautral> vale
[21:27:55] [Server thread/INFO]: Villager Villager['Farmer'/104428, uuid='3ae82e18-823e-4d43-870f-e4b47a258bf7', l='ServerLevel[world]', x=178.50, y=37.00, z=655.32, cpos=[11, 40], tl=8346, v=true] died, message: 'Farmer was slain by [Realm of Souls] Not_Unfsiae'
[21:27:58] [Async Chat Thread - #101/INFO]: [Not Secure] <Xautral> elgrantemido dime el nombre y el color
[21:28:05] [Server thread/INFO]: Xautral issued server command: /loot give ian_salazar81 loot minecraft:chests/spawn_bonus_chest
[21:28:05] [Server thread/INFO]: ian_salazar81 has made the advancement [Getting an Upgrade]
[21:28:06] [Server thread/INFO]: Xautral issued server command: /loot give ian_salazar81 loot minecraft:chests/spawn_bonus_chest
[21:28:06] [Server thread/INFO]: Xautral issued server command: /loot give ian_salazar81 loot minecraft:chests/spawn_bonus_chest
[21:28:08] [Async Chat Thread - #101/INFO]: [Not Secure] <elgrantemido> de que
[21:28:13] [Async Chat Thread - #101/INFO]: [Not Secure] <ian_salazar81> okay
[21:28:15] [Server thread/INFO]: Xautral issued server command: /effect give ian_salazar81 minecraft:saturation 25565 25 false
[21:28:15] [Server thread/INFO]: [Xautral: Applied effect Saturation to ian_salazar81]
[21:28:17] [Async Chat Thread - #101/INFO]: [Not Secure] <Xautral> de la civiilziacion
[21:28:19] [Async Chat Thread - #101/INFO]: [Not Secure] <Xautral> hola ian_salazar81
[21:28:23] [Async Chat Thread - #101/INFO]: [Not Secure] <Xautral> hacer una civ o unirte a una?
[21:28:27] [Server thread/INFO]: gabwst issued server command: /teammsg asd
[21:28:30] [Server thread/INFO]: gabwst issued server command: /teammsg JJSDAKKJSDAK
[21:28:33] [Async Chat Thread - #101/INFO]: [Not Secure] <elgrantemido> se va a llamar los temido y color rojo
[21:28:42] [Async Chat Thread - #101/INFO]: [Not Secure] <Ghostt29> XDD
[21:28:44] [Server thread/INFO]: [Realm of Souls] Not_Unfsiae tried to swim in lava
[21:28:44] [Async Chat Thread - #101/INFO]: [Not Secure] <Xautral> rango?
[21:28:46] [Server thread/INFO]: Mixths issued server command: /msg gabwst ajsjjadjsjd
[21:28:50] [Async Chat Thread - #100/INFO]: [Not Secure] <ian_salazar81> unirme
[21:28:55] [Async Chat Thread - #100/INFO]: [Not Secure] <elgrantemido> si
[21:28:55] [Async Chat Thread - #100/INFO]: [Not Secure] <Xautral> osea los rangos son como, republic, dominion, etc
[21:28:58] [Server thread/INFO]: gabwst issued server command: /teammsg pon /teammsg
[21:28:59] [Server thread/WARN]: Ghostt29 moved too quickly! -9.702008592441018,6.0,0.07992524914379828
[21:29:02] [Async Chat Thread - #101/INFO]: [Not Secure] <Xautral> a la de elgrangemido o a cual ian_salazar81?
[21:29:09] [Server thread/INFO]: Mixths issued server command: /teammsg oooo
[21:29:25] [Async Chat Thread - #100/INFO]: [Not Secure] <ian_salazar81> puess
[21:29:25] [Server thread/INFO]: Xautral issued server command: /team add Temido {"text":"Temido","color":"dark_red"}
[21:29:25] [Server thread/INFO]: [Xautral: Created team [Temido]]
[21:29:28] [Async Chat Thread - #100/INFO]: [Not Secure] <Xautral> no me la vas a creer Not_Unfsiae
[21:29:33] [Async Chat Thread - #100/INFO]: [Not Secure] <Xautral> ya recuperé mi prima
[21:29:36] [Async Chat Thread - #100/INFO]: [Not Secure] <Xautral> en pvp elytra
[21:29:49] [Async Chat Thread - #100/INFO]: [Not Secure] <ian_salazar81> la del grantemido
[21:29:52] [Async Chat Thread - #100/INFO]: [Not Secure] <Xautral> okey
[21:30:06] [Server thread/INFO]: Xautral issued server command: /team modify Temido prefix {"text":"[Temido Dominion] ","color":"dark_red"}
[21:30:12] [Server thread/INFO]: Xautral issued server command: /team join Temido elgrantemido
[21:30:12] [Server thread/INFO]: [Xautral: Added [Temido Dominion] elgrantemido to team [Temido]]
[21:30:15] [Server thread/INFO]: Xautral issued server command: /team join Temido ian_salazar81
[21:30:15] [Server thread/INFO]: [Xautral: Added [Temido Dominion] ian_salazar81 to team [Temido]]
[21:30:19] [Async Chat Thread - #100/INFO]: [Not Secure] <Xautral> listo
[21:30:20] [Async Chat Thread - #100/INFO]: [Not Secure] <Xautral> elgrantemido
[21:30:24] [Async Chat Thread - #100/INFO]: [Not Secure] <Xautral> tuu objetivo jutno con ian_salazar81
[21:30:27] [Async Chat Thread - #100/INFO]: [Not Secure] <Xautral> es buscar un lugar
[21:30:29] [Async Chat Thread - #100/INFO]: [Not Secure] <Xautral> que colonizar
[21:30:38] [Async Chat Thread - #100/INFO]: [Not Secure] <Xautral> lo peuden colonziar dejando su amrca o une standarte
[21:30:41] [Server thread/INFO]: Xautral issued server command: /tp ian_salazar81 elgrantemido
[21:30:41] [Server thread/INFO]: [Xautral: Teleported [Temido Dominion] ian_salazar81 to [Temido Dominion] elgrantemido]
[21:30:43] [Server thread/INFO]: Xautral issued server command: /tp elgrantemido
[21:30:43] [Server thread/INFO]: [Xautral: Teleported Xautral to [Temido Dominion] elgrantemido]
[21:30:44] [Server thread/INFO]: [Xautral: Set own game mode to Spectator Mode]
[21:30:45] [Async Chat Thread - #100/INFO]: [Not Secure] <elgrantemido> va ASER ariba
[21:30:49] [Async Chat Thread - #100/INFO]: [Not Secure] <Xautral> ASER?
[21:30:52] [Async Chat Thread - #100/INFO]: [Not Secure] <Xautral> oye
[21:30:56] [Async Chat Thread - #100/INFO]: [Not Secure] <ian_salazar81> ok
[21:30:57] [Server thread/INFO]: Mixths issued server command: /teammsg sigue con el x que esta en supervivencia
[21:30:57] [Async Chat Thread - #101/INFO]: [Not Secure] <Xautral> las raids estan habilitada
[21:30:58] [Async Chat Thread - #101/INFO]: [Not Secure] <Ghostt29> el grantemido puedes escribir bien?
[21:31:05] [Async Chat Thread - #101/INFO]: [Not Secure] <Xautral> les pueden raidear la base
[21:31:08] [Async Chat Thread - #101/INFO]: [Not Secure] <Xautral> les hago rtp?
[21:31:10] [Async Chat Thread - #101/INFO]: [Not Secure] <Ghostt29> a mi me raidearon w
[21:31:15] [Server thread/INFO]: gabwst issued server command: /teammsg esta en espectador
[21:31:16] [Async Chat Thread - #100/INFO]: [Not Secure] <Xautral> miles de veces wey
[21:31:17] [Async Chat Thread - #100/INFO]: [Not Secure] <Xautral> un chingo
[21:31:19] [Async Chat Thread - #100/INFO]: [Not Secure] <ian_salazar81> hay raideo entonces?
[21:31:22] [Async Chat Thread - #100/INFO]: [Not Secure] <ian_salazar81> vale mace?
[21:31:25] [Async Chat Thread - #100/INFO]: [Not Secure] <Xautral> si
[21:31:27] [Async Chat Thread - #100/INFO]: [Not Secure] <Xautral> cualqueri tipo de pvp
[21:31:29] [Async Chat Thread - #100/INFO]: [Not Secure] <Ghostt29> xq tds preguntan si vale el mace
[21:31:31] [Async Chat Thread - #100/INFO]: [Not Secure] <Xautral> excepto hacks de combate
[21:31:31] [Async Chat Thread - #100/INFO]: [Not Secure] <ian_salazar81> rocket mace?
[21:31:33] [Async Chat Thread - #100/INFO]: [Not Secure] <ian_salazar81> bueno
[21:31:34] [Async Chat Thread - #100/INFO]: [Not Secure] <ian_salazar81> JAJAJ
[21:31:35] [Server thread/INFO]: Xautral issued server command: /team join Omega
[21:31:35] [Server thread/INFO]: [Xautral: Added [Legacy Omega] Xautral to team [Omega]]
[21:31:43] [Server thread/INFO]: [Temido Dominion] ian_salazar81 has made the advancement [Stone Age]
[21:31:43] [Server thread/INFO]: Xautral issued server command: /teammsg gabswt te vale madres si estoy en espéctador wey
[21:31:45] [Async Chat Thread - #101/INFO]: [Not Secure] <Not_Unfsiae> es que se creen buenos con mazo Ghostt29
[21:31:54] [Server thread/INFO]: gabwst issued server command: /teammsg :c
[21:31:57] [Async Chat Thread - #100/INFO]: [Not Secure] <Ghostt29> y dsps no pueden usar ni la carga de viento XDD
[21:32:01] [Server thread/INFO]: Xautral issued server command: /team leave
[21:32:09] [Async Chat Thread - #100/INFO]: [Not Secure] <Xautral> ya sierra el hosik
[21:32:10] [Async Chat Thread - #100/INFO]: [Not Secure] <Xautral> ya sierra el hosiko
[21:32:17] [Async Chat Thread - #100/INFO]: [Not Secure] <ian_salazar81> denle un 1v1 en blot para q vean XD
[21:32:18] [Server thread/INFO]: elgrantemido was kicked due to keepalive timeout!
[21:32:18] [Server thread/INFO]: elgrantemido lost connection: Timed out
[21:32:18] [Server thread/INFO]: elgrantemido left the game
[21:32:23] [Server thread/INFO]: Ghostt29 lost connection: Disconnected
[21:32:23] [Server thread/INFO]: [Realm of Dxmonic Players] Ghostt29 left the game
[21:33:02] [User Authenticator #33/INFO]: UUID of player elgrantemido is 532f22de-7b5a-3f8c-a77d-b2985376d161
[21:33:03] [Server thread/INFO]: [Temido Dominion] elgrantemido joined the game
[21:33:03] [Server thread/INFO]: elgrantemido[/127.88.0.82:40221] logged in with entity id 113196 at ([world]-243.19603691424754, 66.15312379606114, -227.31255408209427)
[21:33:38] [Async Chat Thread - #102/INFO]: [Not Secure] <Xautral> ian_salazar81 y ghost eran almas gemelas
[21:33:43] [Async Chat Thread - #102/INFO]: [Not Secure] <Xautral> ian_salazar81
[21:33:46] [Async Chat Thread - #102/INFO]: [Not Secure] <ian_salazar81> q
[21:33:47] [Async Chat Thread - #102/INFO]: [Not Secure] <ian_salazar81> ajaja
[21:33:56] [Server thread/INFO]: Xautral issued server command: /team leave
[21:33:58] [Server thread/INFO]: Xautral issued server command: /team leave Xautral
[21:33:58] [Server thread/INFO]: [[Legacy Omega] Xautral: Removed Xautral from any team]
[21:34:31] [Server thread/INFO]: elgrantemido was kicked due to keepalive timeout!
[21:34:31] [Server thread/INFO]: elgrantemido lost connection: Timed out
[21:34:31] [Server thread/INFO]: elgrantemido left the game
[21:34:36] [Server thread/INFO]: gabwst issued server command: /teammsg aca
[21:34:37] [Server thread/INFO]: gabwst issued server command: /teammsg aca
[21:34:39] [Async Chat Thread - #102/INFO]: [Not Secure] <Xautral> a pero para gemir si esta bueno
[21:34:58] [User Authenticator #34/INFO]: UUID of player elgrantemido is 532f22de-7b5a-3f8c-a77d-b2985376d161
[21:34:58] [Server thread/INFO]: elgrantemido (/127.88.0.82:58053) lost connection: Disconnected
[21:35:00] [User Authenticator #34/INFO]: UUID of player elgrantemido is 532f22de-7b5a-3f8c-a77d-b2985376d161
[21:35:01] [Server thread/INFO]: [Temido Dominion] elgrantemido joined the game
[21:35:01] [Server thread/INFO]: elgrantemido[/127.88.0.82:56215] logged in with entity id 114536 at ([world]-143.80173056807496, 69.0, -230.39997794162787)
[21:35:23] [Async Chat Thread - #102/INFO]: [Not Secure] <Mixths> HUY
[21:35:25] [Server thread/INFO]: gabwst issued server command: /teammsg 2 CORAS
[21:35:28] [Server thread/INFO]: gabwst issued server command: /teammsg JASDJJASD
[21:35:50] [Server thread/INFO]: [Legacy Omega] gabwst has made the advancement [Monster Hunter]
[21:35:54] [Async Chat Thread - #102/INFO]: [Not Secure] <Xautral> no mamen banda
[21:36:01] [Async Chat Thread - #102/INFO]: [Not Secure] <Xautral> un wey se quiso unir y me pregunto "se pueden cheats?"
[21:36:02] [Async Chat Thread - #102/INFO]: [Not Secure] <Not_Unfsiae> ?
[21:36:06] [Async Chat Thread - #102/INFO]: [Not Secure] <Not_Unfsiae> :V
[21:36:07] [Async Chat Thread - #102/INFO]: [Not Secure] <ian_salazar81> XD
[21:36:13] [User Authenticator #35/INFO]: UUID of player Ghostt29 is 2f1ce107-0f02-3fda-a634-70d6c68a2f42
[21:36:14] [Server thread/INFO]: [Realm of Dxmonic Players] Ghostt29 joined the game
[21:36:14] [Server thread/INFO]: Ghostt29[/127.157.122.236:45395] logged in with entity id 115466 at ([world_the_end]-295.5600527352753, 62.0, -1457.3181575942497)
[21:36:16] [Server thread/INFO]: ian_salazar81 issued server command: /kits
[21:36:31] [Server thread/INFO]: Mixths issued server command: /r 33 diamantes ya no?
[21:36:42] [Server thread/INFO]: [Temido Dominion] ian_salazar81 has made the advancement [We Need to Go Deeper]
[21:36:44] [Server thread/INFO]: Mixths issued server command: /teammsg 33 diamond yta no?
[21:36:51] [Server thread/INFO]: gabwst issued server command: /teammsg no sé
[21:36:52] [Async Chat Thread - #102/INFO]: [Not Secure] <Ghostt29> tan rapido tienen portal xdd
[21:36:55] [Server thread/INFO]: gabwst issued server command: /teammsg tienes fortuna?
[21:37:01] [Server thread/INFO]: Mixths issued server command: /r sigue sigue
[21:37:03] [Async Chat Thread - #103/INFO]: [Not Secure] <ian_salazar81> es de la zona xd
[21:37:06] [Async Chat Thread - #103/INFO]: [Not Secure] <Ghostt29> a xd
[21:37:10] [Async Chat Thread - #103/INFO]: [Not Secure] <Mixths> no
[21:37:23] [Server thread/INFO]: gabwst issued server command: /teammsg q enchant es entonces
[21:37:37] [Server thread/INFO]: Mixths issued server command: /teammsg iroompi 3 efi 3
[21:37:42] [Server thread/INFO]: gabwst issued server command: /teammsg aa ya
[21:37:51] [Async Chat Thread - #102/INFO]: [Not Secure] <Xautral> pero para gemir si estan buenos
[21:37:56] [Server thread/INFO]: [Legacy Omega] gabwst has made the advancement [Cover Me with Diamonds]
[21:38:04] [Async Chat Thread - #103/INFO]: [Not Secure] <Ghostt29> xautral
[21:38:04] [User Authenticator #36/INFO]: UUID of player ImNotSofia_ is c48aa613-e4f1-3a01-ac18-187b0cc824f5
[21:38:04] [Server thread/INFO]: [Doku Kingdom] ImNotSofia_ joined the game
[21:38:04] [Server thread/INFO]: ImNotSofia_[/127.58.217.103:35835] logged in with entity id 116930 at ([world]-557.6999999880791, 68.0, -654.3000000119209)
[21:38:15] [Async Chat Thread - #103/INFO]: [Not Secure] <Xautral> ImNotSofia_
[21:38:18] [Server thread/INFO]: [Legacy Omega] gabwst has made the advancement [Suit Up]
[21:38:20] [Async Chat Thread - #103/INFO]: [Not Secure] <Xautral> no vuelvas a sugerir nada en tu vida
[21:38:22] [Async Chat Thread - #103/INFO]: [Not Secure] <Ghostt29> ImNotMateo_
[21:38:23] [Async Chat Thread - #103/INFO]: [Not Secure] <Ghostt29> XD
[21:38:25] [Async Chat Thread - #102/INFO]: [Not Secure] <Xautral> porfavor
[21:38:29] [Server thread/INFO]: [Temido Dominion] ian_salazar81 has made the advancement [Monster Hunter]
[21:38:44] [Async Chat Thread - #102/INFO]: [Not Secure] <ImNotSofia_> aa
[21:38:54] [User Authenticator #36/INFO]: UUID of player ShanayX2 is d66cd3e6-f582-3816-97ee-20d5393d01c6
[21:38:56] [Server thread/INFO]: [Realm of Dxmonic Players] ShanayX2 joined the game
[21:38:56] [Server thread/INFO]: ShanayX2[/127.199.137.221:32785] logged in with entity id 117586 at ([world]307.7269166901652, -29.0, 1071.905264478602)
[21:38:56] [Server thread/INFO]: elgrantemido issued server command: /tell ian_salazar81 bro
[21:39:00] [Async Chat Thread - #103/INFO]: [Not Secure] <Not_Unfsiae> ya vuelvo
[21:39:01] [Server thread/INFO]: Not_Unfsiae lost connection: Disconnected
[21:39:01] [Server thread/INFO]: [Realm of Souls] Not_Unfsiae left the game
[21:39:08] [Async Chat Thread - #103/INFO]: [Not Secure] <ian_salazar81> q pasao
[21:39:17] [Server thread/INFO]: ShanayX2 lost connection: Disconnected
[21:39:17] [Server thread/INFO]: [Realm of Dxmonic Players] ShanayX2 left the game
[21:39:21] [User Authenticator #36/INFO]: UUID of player ShanayX2 is d66cd3e6-f582-3816-97ee-20d5393d01c6
[21:39:22] [Server thread/INFO]: [Realm of Dxmonic Players] ShanayX2 joined the game
[21:39:22] [Server thread/INFO]: ShanayX2[/127.199.137.221:57995] logged in with entity id 118324 at ([world]307.7269166901652, -29.0, 1071.905264478602)
[21:39:22] [Async Chat Thread - #103/INFO]: [Not Secure] <elgrantemido> vas a ayudarme
[21:39:31] [Server thread/INFO]: ShanayX2 lost connection: Disconnected
[21:39:31] [Server thread/INFO]: [Realm of Dxmonic Players] ShanayX2 left the game
[21:39:37] [Async Chat Thread - #103/INFO]: [Not Secure] <Xautral> pene
[21:39:45] [Async Chat Thread - #103/INFO]: [Not Secure] <ian_salazar81> en q
[21:39:53] [Server thread/INFO]: Ghostt29 issued server command: /msg Xautral tpeame a una end city xd
[21:40:09] [Async Chat Thread - #102/INFO]: [Not Secure] <elgrantemido> por qué en el chat no sale el temido minio
[21:40:12] [Async Chat Thread - #102/INFO]: [Not Secure] <Mixths> gabwst
[21:40:17] [Async Chat Thread - #102/INFO]: [Not Secure] <Mixths> UNOS ESCUDOS
[21:40:20] [User Authenticator #36/INFO]: UUID of player ShanayX2 is d66cd3e6-f582-3816-97ee-20d5393d01c6
[21:40:21] [Server thread/INFO]: [Realm of Dxmonic Players] ShanayX2 joined the game
[21:40:21] [Server thread/INFO]: ShanayX2[/127.199.137.221:44531] logged in with entity id 119059 at ([world]307.7269166901652, -29.0, 1071.905264478602)
[21:40:24] [Async Chat Thread - #102/INFO]: [Not Secure] <Xautral> en ninguno
[21:40:25] [Async Chat Thread - #102/INFO]: [Not Secure] <ian_salazar81> q necesitas
[21:40:26] [Async Chat Thread - #102/INFO]: [Not Secure] <Xautral> pero pon /me
[21:40:28] [Async Chat Thread - #102/INFO]: [Not Secure] <Xautral> y si saldrá
[21:40:32] [Server thread/INFO]: Ghostt29 issued server command: /me xd
[21:40:32] [Async Chat Thread - #103/INFO]: [Not Secure] * [Realm of Dxmonic Players] Ghostt29 xd
[21:40:36] [Server thread/INFO]: elgrantemido issued server command: /me
[21:40:38] [Async Chat Thread - #103/INFO]: [Not Secure] <Xautral> y tambien mira el tab
[21:40:39] [Server thread/INFO]: elgrantemido issued server command: /me
[21:40:43] [Server thread/INFO]: ian_salazar81 issued server command: /me que cosa necesitas we
[21:40:43] [Async Chat Thread - #102/INFO]: [Not Secure] * [Temido Dominion] ian_salazar81 que cosa necesitas we
[21:40:49] [Server thread/INFO]: ShanayX2 issued server command: /minecraft:me Ghostt29 es gay
[21:40:49] [Async Chat Thread - #103/INFO]: [Not Secure] * [Realm of Dxmonic Players] ShanayX2 Ghostt29 es gay
[21:40:49] [Server thread/INFO]: Xautral issued server command: /me sexo
[21:40:49] [Async Chat Thread - #102/INFO]: [Not Secure] * Xautral sexo
[21:40:52] [Async Chat Thread - #102/INFO]: [Not Secure] <Mixths> ga
[21:40:52] [Async Chat Thread - #102/INFO]: [Not Secure] <ian_salazar81> q rico
[21:40:54] [Async Chat Thread - #102/INFO]: [Not Secure] <Mixths> gabwst
[21:41:03] [Server thread/INFO]: Mixths issued server command: /teammsg GAB
[21:41:05] [Async Chat Thread - #103/INFO]: [Not Secure] <elgrantemido> nesesito tiera y piedra y madera
[21:41:06] [Server thread/INFO]: Mixths issued server command: /teammsg ESCUDOOOS
[21:41:07] [Server thread/INFO]: Ghostt29 issued server command: /me ShanayX2 mjor sigue chupandola XD
[21:41:07] [Async Chat Thread - #103/INFO]: [Not Secure] * [Realm of Dxmonic Players] Ghostt29 ShanayX2 mjor sigue chupandola XD
[21:41:14] [Server thread/INFO]: ShanayX2 lost connection: Disconnected
[21:41:14] [Server thread/INFO]: [Realm of Dxmonic Players] ShanayX2 left the game
[21:41:18] [User Authenticator #36/INFO]: UUID of player ShanayX2 is d66cd3e6-f582-3816-97ee-20d5393d01c6
[21:41:18] [Server thread/INFO]: [Realm of Dxmonic Players] ShanayX2 joined the game
[21:41:18] [Server thread/INFO]: ShanayX2[/127.199.137.221:39685] logged in with entity id 120288 at ([world]283.42727633369924, -24.0, 1119.7658186488095)
[21:41:46] [Server thread/INFO]: Mixths issued server command: /teammsg perame
[21:41:48] [Async Chat Thread - #102/INFO]: [Not Secure] <Mixths> y vuelvo
[21:42:01] [Server thread/INFO]: Mixths issued server command: /teammsg YA VUELVO
[21:42:05] [Server thread/INFO]: gabwst issued server command: /teammsg oke
[21:42:17] [Async Chat Thread - #102/INFO]: [Not Secure] <ian_salazar81> ok
[21:42:31] [Async Chat Thread - #102/INFO]: [Not Secure] <Xautral> te vale madres si ya vuelvo o no
[21:42:39] [Server thread/WARN]: ShanayX2 moved wrongly!
[21:43:15] [Server thread/WARN]: ShanayX2 moved wrongly!
[21:43:17] [Async Chat Thread - #102/INFO]: [Not Secure] <Xautral> el agua: wey fluye
[21:43:22] [Async Chat Thread - #102/INFO]: [Not Secure] <Xautral> el juramento: el jura
[21:43:24] [Server thread/INFO]: Mixths issued server command: /teammsg VOLVI
[21:43:39] [Server thread/INFO]: gabwst issued server command: /teammsg toca subir, ya no tengo comida
[21:43:45] [Async Chat Thread - #102/INFO]: [Not Secure] <Ghostt29> we no hay ends citys :v
[21:43:46] [Async Chat Thread - #102/INFO]: [Not Secure] <Xautral> el pendejo: soy Ghostt29 w :eyes:
[21:43:46] [Async Chat Thread - #102/INFO]: [Not Secure] <ImNotSofia_> Xautral
[21:43:48] [Server thread/INFO]: Xautral issued server command: /tp Ghostt29
[21:43:48] [Server thread/INFO]: Xautral has made the advancement [The End?]
[21:43:48] [Server thread/INFO]: [Xautral: Teleported Xautral to [Realm of Dxmonic Players] Ghostt29]
[21:43:51] [Async Chat Thread - #102/INFO]: [Not Secure] <Mixths> YO TAMPOCO
[21:43:51] [Server thread/INFO]: [Legacy Omega] gabwst has made the advancement [Not Today, Thank You]
[21:43:55] [Async Chat Thread - #102/INFO]: [Not Secure] <ImNotSofia_> Xautral
[21:43:57] [Async Chat Thread - #102/INFO]: [Not Secure] <ImNotSofia_> Xautral
[21:43:58] [Async Chat Thread - #102/INFO]: [Not Secure] <ImNotSofia_> Xautral
[21:43:59] [Async Chat Thread - #102/INFO]: [Not Secure] <Xautral> que
[21:44:01] [Async Chat Thread - #102/INFO]: [Not Secure] <Mixths> Xautral
[21:44:05] [Async Chat Thread - #102/INFO]: [Not Secure] <Xautral> rra
[21:44:11] [Async Chat Thread - #102/INFO]: [Not Secure] <ImNotSofia_> como se craftea el yunque jeje
[21:44:16] [Async Chat Thread - #102/INFO]: [Not Secure] <Ghostt29> busca en google
[21:44:23] [Async Chat Thread - #102/INFO]: [Not Secure] <Xautral> google :skull:
[21:44:24] [Async Chat Thread - #102/INFO]: [Not Secure] <ImNotSofia_> no me sale
[21:44:25] [Async Chat Thread - #102/INFO]: [Not Secure] <Xautral> estamos en el futuro
[21:44:25] [Async Chat Thread - #102/INFO]: [Not Secure] <Mixths> me pudes teletransportas al spawn porfa a y a gabwst tambien?
[21:44:29] [Async Chat Thread - #102/INFO]: [Not Secure] <Xautral> busca con ScrompyGPT
[21:44:31] [Server thread/INFO]: Xautral issued server command: /kill
[21:44:31] [Server thread/INFO]: Xautral was killed
[21:44:31] [Server thread/INFO]: [Xautral: Killed Xautral]
[21:44:38] [Server thread/INFO]: Xautral issued server command: /tp ian_salazar81
[21:44:38] [Server thread/INFO]: [Xautral: Teleported Xautral to [Temido Dominion] ian_salazar81]
[21:44:41] [Async Chat Thread - #102/INFO]: [Not Secure] <Xautral> p 0 0 0
[21:44:42] [Async Chat Thread - #102/INFO]: [Not Secure] <Ghostt29> ShanayX2
[21:44:45] [Server thread/INFO]: Xautral issued server command: /tp 0 0 0
[21:44:45] [Server thread/INFO]: [Xautral: Teleported Xautral to 0.500000, 0.000000, 0.500000]
[21:44:50] [Server thread/INFO]: Mixths issued server command: /p o o o
[21:44:57] [Async Chat Thread - #102/INFO]: [Not Secure] <Xautral> el pantera: ay
[21:44:59] [Server thread/INFO]: [Xautral: Set own game mode to Creative Mode]
[21:45:10] [Async Chat Thread - #102/INFO]: [Not Secure] <Ghostt29> xautral
[21:45:12] [Async Chat Thread - #102/INFO]: [Not Secure] <ian_salazar81> qn de aqui juega macew
[21:45:20] [Async Chat Thread - #102/INFO]: [Not Secure] <Xautral> nadie wey
[21:45:23] [Server thread/INFO]: ShanayX2 lost connection: Disconnected
[21:45:23] [Server thread/INFO]: [Realm of Dxmonic Players] ShanayX2 left the game
[21:45:23] [Async Chat Thread - #102/INFO]: [Not Secure] <ian_salazar81> XD
[21:45:25] [Async Chat Thread - #102/INFO]: [Not Secure] <Xautral> puro pvp elytra deidad
[21:45:27] [Server thread/INFO]: [@: Teleported Xautral to -226.500000, 63.000000, -197.500000]
[21:45:32] [Server thread/INFO]: Xautral issued server command: /tp @e[
[21:45:35] [Async Chat Thread - #102/INFO]: [Not Secure] <ian_salazar81> que
[21:45:36] [Server thread/INFO]: Xautral issued server command: /tp @e[team=Omega] Xautral
[21:45:36] [Server thread/INFO]: [Xautral: Teleported 2 entities to Xautral]
[21:45:42] [Async Chat Thread - #102/INFO]: [Not Secure] <Xautral> necesitas precisión
[21:45:46] [Async Chat Thread - #102/INFO]: [Not Secure] <Xautral> y ya: :v
[21:45:49] [Async Chat Thread - #102/INFO]: [Not Secure] <Xautral> suerte también
[21:45:51] [Async Chat Thread - #102/INFO]: [Not Secure] <gabwst> grax
[21:45:52] [Async Chat Thread - #102/INFO]: [Not Secure] <Mixths> GRACOAS
[21:45:55] [Async Chat Thread - #102/INFO]: [Not Secure] <Xautral> gracoas?
[21:45:58] [Async Chat Thread - #102/INFO]: [Not Secure] <Xautral> achinga
[21:45:59] [Async Chat Thread - #102/INFO]: [Not Secure] <Mixths> gracias
[21:46:02] [Async Chat Thread - #102/INFO]: [Not Secure] <Xautral> gracias?
[21:46:04] [Server thread/INFO]: [Temido Dominion] elgrantemido has made the advancement [Stone Age]
[21:46:06] [Async Chat Thread - #103/INFO]: [Not Secure] <Xautral> es Garcías pendejo
[21:46:12] [Async Chat Thread - #103/INFO]: [Not Secure] <Mixths> JAJSAJ
[21:46:16] [Server thread/INFO]: Ghostt29 lost connection: Disconnected
[21:46:16] [Server thread/INFO]: [Realm of Dxmonic Players] Ghostt29 left the game
[21:46:20] [Async Chat Thread - #103/INFO]: [Not Secure] <Xautral> así empiezan
[21:46:39] [Async Chat Thread - #103/INFO]: [Not Secure] <Xautral> cuando eres joto e idiota: soy Ghostt29 w :eyes:
[21:46:40] [Server thread/INFO]: gabwst issued server command: /teammsg tienen basE?
[21:46:48] [Async Chat Thread - #102/INFO]: [Not Secure] <ian_salazar81> pasa algo
[21:46:50] [Server thread/INFO]: Mixths issued server command: /teammsg no
[21:46:55] [Async Chat Thread - #103/INFO]: [Not Secure] <Xautral> una chinga
[21:46:57] [Server thread/INFO]: Xautral issued server command: /tp ian_salazar81
[21:46:57] [Server thread/INFO]: [Xautral: Teleported Xautral to [Temido Dominion] ian_salazar81]
[21:47:17] [Server thread/INFO]: gabwst issued server command: /teammsg se ve buena mina
[21:47:25] [Server thread/INFO]: Mixths issued server command: /teammsg pimero comida
[21:47:31] [Server thread/INFO]: [Xautral: Set own game mode to Spectator Mode]
[21:47:31] [Async Chat Thread - #103/INFO]: [Not Secure] <ian_salazar81> hdp
[21:47:31] [Server thread/INFO]: [Xautral: Set own game mode to Creative Mode]
[21:47:32] [Server thread/INFO]: [Xautral: Set own game mode to Survival Mode]
[21:47:38] [Server thread/INFO]: [Xautral: Set own game mode to Creative Mode]
[21:47:45] [Server thread/INFO]: [Xautral: Set own game mode to Survival Mode]
[21:47:46] [User Authenticator #37/INFO]: UUID of player Ghostt29 is 2f1ce107-0f02-3fda-a634-70d6c68a2f42
[21:47:46] [Async Chat Thread - #103/INFO]: [Not Secure] <Xautral> si
[21:47:47] [Server thread/INFO]: [Xautral: Set own game mode to Creative Mode]
[21:47:47] [Server thread/INFO]: [Realm of Dxmonic Players] Ghostt29 joined the game
[21:47:47] [Server thread/INFO]: Ghostt29[/127.157.122.236:37813] logged in with entity id 128651 at ([world_the_end]-698.4168480626657, -84.29537657125901, -1191.3541981725)
[21:47:52] [Server thread/INFO]: Xautral issued server command: /effect give Xautral minecraft:resistance infinite 25 true
[21:47:52] [Server thread/INFO]: [Xautral: Applied effect Resistance to Xautral]
[21:47:54] [Async Chat Thread - #103/INFO]: [Not Secure] <Xautral> ya me pongo en sur
[21:47:59] [Server thread/INFO]: Xautral issued server command: /effect give Xautral minecraft:night_vision infinite 25 true
[21:47:59] [Server thread/INFO]: [Xautral: Applied effect Night Vision to Xautral]
[21:48:02] [Server thread/INFO]: [Xautral: Set own game mode to Survival Mode]
[21:48:57] [Server thread/INFO]: [Legacy Omega] Mixths has made the advancement [Not Today, Thank You]
[21:48:58] [Async Chat Thread - #104/INFO]: [Not Secure] <Xautral> aguanat
[21:48:58] [Server thread/INFO]: [Xautral: Set own game mode to Creative Mode]
[21:49:01] [Async Chat Thread - #104/INFO]: [Not Secure] <Xautral> se me olvido la comida
[21:49:03] [Async Chat Thread - #104/INFO]: [Not Secure] <ian_salazar81> mta
[21:49:11] [Async Chat Thread - #104/INFO]: [Not Secure] <ian_salazar81> ala
[21:49:16] [Server thread/INFO]: Xautral issued server command: /effect give Xautral minecraft:strength infinite 2 true
[21:49:16] [Server thread/INFO]: [Xautral: Applied effect Strength to Xautral]
[21:49:18] [Server thread/INFO]: [Xautral: Set own game mode to Survival Mode]
[21:49:19] [Async Chat Thread - #104/INFO]: [Not Secure] <Xautral> ya
[21:49:34] [Async Chat Thread - #104/INFO]: [Not Secure] <ian_salazar81> vltvg
[21:49:34] [Async Chat Thread - #104/INFO]: [Not Secure] <Mixths> OSTIA
[21:49:36] [Async Chat Thread - #104/INFO]: [Not Secure] <Xautral> que}
[21:49:44] [Async Chat Thread - #104/INFO]: [Not Secure] <ian_salazar81> bajabas 1 cora con espada de mader
[21:49:46] [Server thread/INFO]: Ghostt29 lost connection: Login timed out!
[21:49:46] [Server thread/INFO]: Ghostt29 left the game
[21:49:49] [User Authenticator #38/INFO]: UUID of player Ghostt29 is 2f1ce107-0f02-3fda-a634-70d6c68a2f42
[21:49:52] [Server thread/INFO]: [Realm of Dxmonic Players] Ghostt29 joined the game
[21:49:52] [Server thread/INFO]: Ghostt29[/127.157.122.236:60197] logged in with entity id 130381 at ([world_the_end]-698.4168480626657, -9029.743894798268, -1191.3541981725)
[21:49:52] [Async Chat Thread - #104/INFO]: [Not Secure] <Xautral> es que no daba cr´tiicos
[21:49:56] [Async Chat Thread - #104/INFO]: [Not Secure] <Xautral> me pediste una chnga
[21:49:58] [Async Chat Thread - #104/INFO]: [Not Secure] <Xautral> y te akl di
[21:50:01] [Server thread/INFO]: [Temido Dominion] ian_salazar81 was slain by Xautral
[21:50:04] [Server thread/WARN]: Xautral moved too quickly! -4.501991354446375,-2.0013359791121417,-9.31398128768899
[21:50:04] [Server thread/WARN]: gabwst moved too quickly! 4.334458042348672,-2.747796659746271,12.364254390802323
[21:50:04] [Server thread/WARN]: Can't keep up! Is the server overloaded? Running 3065ms or 61 ticks behind
[21:50:10] [Server thread/INFO]: Xautral issued server command: /tp ian_salazar81 Xautral
[21:50:10] [Server thread/INFO]: [Xautral: Teleported [Temido Dominion] ian_salazar81 to Xautral]
[21:50:11] [Async Chat Thread - #105/INFO]: [Not Secure] <ian_salazar81> hdp JAJAJ
[21:50:17] [Server thread/INFO]: Xautral issued server command: /tp @r
[21:50:17] [Server thread/INFO]: [Xautral: Teleported Xautral to [Temido Dominion] ian_salazar81]
[21:50:20] [Server thread/INFO]: Xautral issued server command: /tp @r
[21:50:20] [Server thread/INFO]: [Xautral: Teleported Xautral to [Temido Dominion] elgrantemido]
[21:50:23] [Server thread/INFO]: Xautral issued server command: /tp @r
[21:50:23] [Server thread/INFO]: [Xautral: Teleported Xautral to [Realm of Dxmonic Players] Ghostt29]
[21:50:25] [Server thread/INFO]: [Xautral: Set own game mode to Creative Mode]
[21:50:26] [Server thread/INFO]: Xautral fell out of the world
[21:50:31] [Server thread/INFO]: [Xautral: Set own game mode to Survival Mode]
[21:50:35] [Async Chat Thread - #104/INFO]: [Not Secure] <Xautral> que pedo Ghostt29
[21:50:38] [Async Chat Thread - #104/INFO]: [Not Secure] <Xautral> registrate y te tepeo al spawn
[21:50:39] [Server thread/INFO]: Xautral issued server command: /tp 0 0 0
[21:50:39] [Server thread/INFO]: [Xautral: Teleported Xautral to 0.500000, 0.000000, 0.500000]
[21:50:40] [Async Chat Thread - #104/INFO]: [Not Secure] <Mixths> porfiiiiin
[21:50:40] [Server thread/INFO]: [Xautral: Set own game mode to Creative Mode]
[21:50:42] [Async Chat Thread - #104/INFO]: [Not Secure] <ian_salazar81> casi me rompes la armor
[21:50:42] [Server thread/INFO]: [@: Teleported Xautral to -226.500000, 63.000000, -197.500000]
[21:50:48] [Server thread/INFO]: Xautral issued server command: /tp Ghostt29 Xautral
[21:50:48] [Server thread/INFO]: [Xautral: Teleported [Realm of Dxmonic Players] Ghostt29 to Xautral]
[21:50:50] [Async Chat Thread - #105/INFO]: [Not Secure] <Xautral> ya
[21:50:50] [Server thread/INFO]: [Xautral: Set own game mode to Survival Mode]
[21:51:00] [Server thread/INFO]: Xautral issued server command: /tp nekosams
[21:51:00] [Server thread/INFO]: [Xautral: Teleported Xautral to [Realm of Souls] nekosams]
[21:51:00] [Async Chat Thread - #105/INFO]: [Not Secure] <Ghostt29> we
[21:51:05] [Async Chat Thread - #105/INFO]: [Not Secure] <Ghostt29> tpeame al end xfa xd
[21:51:06] [Server thread/INFO]: Xautral was slain by [Realm of Souls] Wolf
[21:51:07] [Server thread/INFO]: gabwst issued server command: /teammsg se puede raidear?
[21:51:09] [Async Chat Thread - #104/INFO]: [Not Secure] <Xautral> eyowtf
[21:51:10] [Server thread/INFO]: [Xautral: Set own game mode to Creative Mode]
[21:51:17] [Server thread/INFO]: Xautral issued server command: /tp 0 0 0
[21:51:17] [Server thread/INFO]: [Xautral: Teleported Xautral to 0.500000, 0.000000, 0.500000]
[21:51:19] [Async Chat Thread - #104/INFO]: [Not Secure] <Ghostt29> fue tremendo bug del server XDD
[21:51:26] [Server thread/INFO]: Xautral issued server command: /setblock ~ ~ ~ minecraft:end_portal
[21:51:26] [Server thread/INFO]: [Xautral: Changed the block at 3, -10, -4]
[21:51:27] [Async Chat Thread - #104/INFO]: [Not Secure] <Xautral> bug?
[21:51:29] [Async Chat Thread - #104/INFO]: [Not Secure] <Ghostt29> tpeame al end Xautral
[21:51:34] [Async Chat Thread - #104/INFO]: [Not Secure] <Xautral> como se dice?
[21:51:35] [Async Chat Thread - #104/INFO]: [Not Secure] <Ghostt29> no we bug no
[21:51:37] [Async Chat Thread - #104/INFO]: [Not Secure] <Ghostt29> porfavor
[21:51:39] [Async Chat Thread - #104/INFO]: [Not Secure] <Xautral> di porfavor
[21:51:42] [Async Chat Thread - #104/INFO]: [Not Secure] <Xautral> dilo
[21:51:46] [Async Chat Thread - #104/INFO]: [Not Secure] <Ghostt29> porfavor tpeame al end xautral querido
[21:51:49] [Async Chat Thread - #104/INFO]: [Not Secure] <Xautral> good boy
[21:51:53] [Server thread/INFO]: Xautral issued server command: /tp Ghostt29 Xautral
[21:51:53] [Server thread/INFO]: [Xautral: Teleported [Realm of Dxmonic Players] Ghostt29 to Xautral]
[21:51:54] [Server thread/INFO]: [Xautral: Set own game mode to Survival Mode]
[21:51:58] [Server thread/INFO]: Xautral issued server command: /effect give Xautral minecraft:strength infinite 25 true
[21:51:58] [Server thread/INFO]: [Xautral: Applied effect Strength to Xautral]
[21:52:04] [Server thread/INFO]: Xautral issued server command: /effect clear Xautral minecraft:strength
[21:52:04] [Server thread/INFO]: [Xautral: Removed effect Strength from Xautral]
[21:52:04] [Async Chat Thread - #104/INFO]: [Not Secure] <ian_salazar81> dame un kit rocket mace y tpame a cada uno JAJJAJ
[21:52:05] [Async Chat Thread - #104/INFO]: [Not Secure] <Ghostt29> ahora a una end city xddd
[21:52:09] [Server thread/INFO]: Xautral issued server command: /effect give Xautral minecraft:strength infinite 2 true
[21:52:09] [Server thread/INFO]: [Xautral: Applied effect Strength to Xautral]
[21:52:14] [Async Chat Thread - #104/INFO]: [Not Secure] <ian_salazar81> para darles unos besos
[21:52:17] [Server thread/INFO]: Xautral issued server command: /effect give Xautral minecraft:resistance infinite 2 true
[21:52:17] [Server thread/INFO]: [Xautral: Applied effect Resistance to Xautral]
[21:52:20] [Server thread/INFO]: Xautral issued server command: /tp @r
[21:52:20] [Server thread/INFO]: [Xautral: Teleported Xautral to Xautral]
[21:52:21] [Server thread/INFO]: Xautral issued server command: /tp @r
[21:52:21] [Server thread/INFO]: [Xautral: Teleported Xautral to [Temido Dominion] ian_salazar81]
[21:52:24] [Async Chat Thread - #104/INFO]: [Not Secure] <Ghostt29> q buen chiste ian
[21:52:28] [Async Chat Thread - #104/INFO]: [Not Secure] <Mixths> NA
[21:52:30] [Server thread/INFO]: Xautral issued server command: /tp @r
[21:52:30] [Server thread/INFO]: [Xautral: Teleported Xautral to [Realm of Souls] nekosams]
[21:52:32] [Async Chat Thread - #104/INFO]: [Not Secure] <Xautral> NA que
[21:52:33] [Server thread/INFO]: Xautral issued server command: /tp Mixths
[21:52:33] [Server thread/INFO]: [Xautral: Teleported Xautral to [Legacy Omega] Mixths]
[21:52:36] [Async Chat Thread - #104/INFO]: [Not Secure] <Xautral> nacada será
[21:52:39] [Async Chat Thread - #104/INFO]: [Not Secure] <nekosams> AJAJSAJASJA
[21:52:39] [Server thread/INFO]: [Xautral: Set own game mode to Creative Mode]
[21:52:41] [Server thread/INFO]: [Xautral: Set own game mode to Survival Mode]
[21:52:44] [Server thread/INFO]: Xautral issued server command: /give Xautral shield
[21:52:44] [Server thread/INFO]: [Xautral: Gave 1 [Shield] to Xautral]
[21:53:11] [Async Chat Thread - #104/INFO]: [Not Secure] <Xautral> pas
[21:53:16] [Async Chat Thread - #104/INFO]: [Not Secure] <Ghostt29> xautral
[21:53:17] [Server thread/INFO]: [Xautral: Set own game mode to Creative Mode]
[21:53:17] [Async Chat Thread - #104/INFO]: [Not Secure] <Xautral> que
[21:53:22] [Server thread/INFO]: [Xautral: Set own game mode to Survival Mode]
[21:53:23] [Async Chat Thread - #104/INFO]: [Not Secure] <Ghostt29> no hay ends citys w
[21:53:25] [Async Chat Thread - #104/INFO]: [Not Secure] <Xautral> no w
[21:53:27] [Async Chat Thread - #104/INFO]: [Not Secure] <Mixths> por que de la nada biene y me pegas
[21:53:28] [Server thread/INFO]: [Legacy Omega] Mixths was slain by Xautral
[21:53:30] [Async Chat Thread - #104/INFO]: [Not Secure] <Mixths> oe
[21:53:36] [Server thread/INFO]: Xautral issued server command: /tp Mixths Xautral
[21:53:36] [Server thread/INFO]: [Xautral: Teleported [Legacy Omega] Mixths to Xautral]
[21:53:37] [Async Chat Thread - #104/INFO]: [Not Secure] <Ghostt29> tpeame a una end city xautral, porfavor
[21:53:38] [Async Chat Thread - #104/INFO]: [Not Secure] <Ghostt29> XD
[21:53:41] [Async Chat Thread - #104/INFO]: [Not Secure] <Xautral> es para probar que tan bien preparados estan
[21:53:44] [Server thread/INFO]: Xautral issued server command: /xp add Mixths 200 levels
[21:53:44] [Server thread/INFO]: [Xautral: Gave 200 experience levels to [Legacy Omega] Mixths]
[21:53:47] [Async Chat Thread - #104/INFO]: [Not Secure] <Xautral> tu que pendejo
[21:53:51] [Async Chat Thread - #104/INFO]: [Not Secure] <ian_salazar81> regala kits xautral
[21:53:52] [Async Chat Thread - #104/INFO]: [Not Secure] <Mixths> Xautral MIS COSAS
[21:54:05] [Async Chat Thread - #104/INFO]: [Not Secure] <Mixths> JAAJJAJ
[21:54:07] [Async Chat Thread - #104/INFO]: [Not Secure] <Xautral> ya ves
[21:54:08] [Server thread/INFO]: [Xautral: Set own game mode to Creative Mode]
[21:54:11] [Async Chat Thread - #104/INFO]: [Not Secure] <Xautral> este wey si le sabe
[21:54:13] [Async Chat Thread - #104/INFO]: [Not Secure] <Xautral> no como tu
[21:54:13] [Async Chat Thread - #104/INFO]: [Not Secure] <gabwst> mi comida w
[21:54:14] [Async Chat Thread - #104/INFO]: [Not Secure] <Xautral> pedazo de indio
[21:54:16] [Async Chat Thread - #104/INFO]: [Not Secure] <gabwst> no tengo nad
[21:54:22] [Server thread/INFO]: Xautral issued server command: /tp @e[type=item] Mixths
[21:54:22] [Server thread/INFO]: [Xautral: Teleported 139 entities to [Legacy Omega] Mixths]
[21:54:27] [Async Chat Thread - #104/INFO]: [Not Secure] <Xautral> el es profezional
[21:54:28] [Server thread/INFO]: [Xautral: Set own game mode to Survival Mode]
[21:54:35] [Async Chat Thread - #104/INFO]: [Not Secure] <gabwst> KJSDAKJD
[21:54:39] [Async Chat Thread - #104/INFO]: [Not Secure] <Mixths> Xautral
[21:54:42] [Async Chat Thread - #104/INFO]: [Not Secure] <Mixths> mi petooo
[21:54:42] [Async Chat Thread - #104/INFO]: [Not Secure] <Xautral> de que te ries puta
[21:54:42] [Server thread/INFO]: [Xautral: Set own game mode to Creative Mode]
[21:54:44] [Server thread/WARN]: Ghostt29 was kicked for floating too long!
[21:54:44] [Server thread/INFO]: Ghostt29 lost connection: Flying is not enabled on this server
[21:54:44] [Server thread/INFO]: Ghostt29 left the game
[21:54:45] [Server thread/INFO]: [Xautral: Set own game mode to Survival Mode]
[21:54:48] [Async Chat Thread - #104/INFO]: [Not Secure] <gabwst> bésame la cola
[21:55:04] [Server thread/INFO]: [Xautral: Set own game mode to Creative Mode]
[21:55:06] [Async Chat Thread - #104/INFO]: [Not Secure] <Xautral> otro bastardo
[21:55:07] [Async Chat Thread - #104/INFO]: [Not Secure] <Xautral> aguanta
[21:55:11] [User Authenticator #39/INFO]: UUID of player Ghostt29 is 2f1ce107-0f02-3fda-a634-70d6c68a2f42
[21:55:14] [Server thread/INFO]: [Xautral: Set own game mode to Survival Mode]
[21:55:17] [Server thread/INFO]: com.mojang.authlib.GameProfile@3dcb8768[id=2f1ce107-0f02-3fda-a634-70d6c68a2f42,name=Ghostt29,properties={textures=[Property[name=textures, value=ewogICJ0aW1lc3RhbXAiIDogMTc2MjIwNjkxMTgyNywKICAicHJvZmlsZUlkIiA6ICJmY2I3OTY0MTdkYzQ0YWUwYjZhOWU4ZTMwNGZhMzI1NSIsCiAgInByb2ZpbGVOYW1lIiA6ICJHaG9zdHQyOSIsCiAgInNpZ25hdHVyZVJlcXVpcmVkIiA6IHRydWUsCiAgInRleHR1cmVzIiA6IHsKICAgICJTS0lOIiA6IHsKICAgICAgInVybCIgOiAiaHR0cDovL3RleHR1cmVzLm1pbmVjcmFmdC5uZXQvdGV4dHVyZS8yZjI5YWFmNzcxMjQ0NzNmNWNjMTFjY2ZhZmM0NDFkODgxM2I3ODg4MjE4Y2M4NjIzYTQyMWY3ZTgxODQyODUiCiAgICB9LAogICAgIkNBUEUiIDogewogICAgICAidXJsIiA6ICJodHRwOi8vdGV4dHVyZXMubWluZWNyYWZ0Lm5ldC90ZXh0dXJlLzVlNmYzMTkzZTc0Y2QxNmNkZDY2MzdkOWJhZTU0ODRlM2EzN2ZmMmExNGMyZDE1N2M2NTlhMDc4MTBiMWJkY2EiCiAgICB9CiAgfQp9, signature=utpbpBK23vxtU6CDUUil3u6tMsNi8wyMTBcknrL6BzdlvOMWY89D/y9qkny18XK5AxkyW7Rn8JtHUI8WPD44diqPHbuicsmuL+r4+q6kuCOHG60dTnto7ZTtDaklCzY6rkbPOwxaRCcEJ8VUF6c97F1eeppA0QHR+0r37CkT3pma7Jcbt/Z1cZl0kCijL2VE2UzVjZ05voM1YO0BPS6caEYMY6I++/WMaLC4jw85CiMEw7r9tpc4CuBv7XfqtLSUQ4tYaxkp25z5Df1ntTsQ/Srrm7z5sXQOV03iD3lv04zD9JySKC1/M8Mdt2O2M0BL1ZaMS36gxMDZuKkw05tbZSJ0TXWFq65PnKNiFYFHeD8YUlWai8DPiohIscf/Gqj+XMpCm9cRRA7awVlDmUeyP9VhQXWgSZ/+44v1MrC4VKBosWRba7IAxS0CFh2iI2pHXFmXMwWuBI66lAk7HEWtjjfj4d/7xQ/2LRFG+dzWJX8bis26BLk08pCds503JCVUB2dIdIUFJgyeBXj5uwIqq5F7GDY05EK86lCdZIDBXzN8O2nBd8aZcUxMnj5Evhq8skLKD7oowo4B2r8FsmPAOxGpNnKSVbFHELHPukAqEToHtpRCjc1HNvWaw3FLSNsjhNkQKcnClvSfWqsRVFwyKCQXVKq5TQuNwn5sVGYkJKk=]]}] lost connection: Disconnected
[21:55:28] [Async Chat Thread - #104/INFO]: [Not Secure] <ian_salazar81> vuelvo en un rato
[21:55:29] [Server thread/INFO]: ian_salazar81 lost connection: Disconnected
[21:55:29] [Server thread/INFO]: [Temido Dominion] ian_salazar81 left the game
[21:55:30] [Async Chat Thread - #104/INFO]: [Not Secure] <Xautral> no mamen banda
[21:55:32] [Async Chat Thread - #104/INFO]: [Not Secure] <Xautral> me violan
[21:55:40] [User Authenticator #39/INFO]: UUID of player Ghostt29 is 2f1ce107-0f02-3fda-a634-70d6c68a2f42
[21:55:41] [Server thread/INFO]: [Realm of Dxmonic Players] Ghostt29 joined the game
[21:55:41] [Server thread/INFO]: Ghostt29[/127.157.122.236:59031] logged in with entity id 136101 at ([world_the_end]-320.0537356105581, 57.86179243348067, -1091.3609292427095)
[21:55:45] [Server thread/INFO]: Xautral was slain by [Legacy Omega] gabwst
[21:55:48] [Server thread/INFO]: Xautral issued server command: /tp @e[type=item] Xautral
[21:55:48] [Server thread/INFO]: [Xautral: Teleported 57 entities to Xautral]
[21:55:50] [Async Chat Thread - #104/INFO]: [Not Secure] <gabwst> jkgfjkdg
[21:55:52] [Async Chat Thread - #104/INFO]: [Not Secure] <Mixths> dasjdkasdk
[21:55:59] [Server thread/INFO]: ImNotSofia_ lost connection: Disconnected
[21:55:59] [Server thread/INFO]: [Doku Kingdom] ImNotSofia_ left the game
[21:56:01] [Async Chat Thread - #104/INFO]: [Not Secure] <Xautral> de que se rien putos >:V
[21:56:02] [Server thread/INFO]: [Xautral: Set own game mode to Creative Mode]
[21:56:14] [Server thread/INFO]: Xautral issued server command: /effect give Xautral minecraft:resistance infinite 3 true
[21:56:14] [Server thread/INFO]: [Xautral: Applied effect Resistance to Xautral]
[21:56:20] [Server thread/INFO]: Xautral issued server command: /effect give Xautral minecraft:strength infinite 3 true
[21:56:20] [Server thread/INFO]: [Xautral: Applied effect Strength to Xautral]
[21:56:24] [Server thread/INFO]: Xautral issued server command: /give Xautral iron_Axe
[21:56:27] [Server thread/INFO]: Xautral issued server command: /give Xautral minecraft:iron_axe
[21:56:27] [Server thread/INFO]: [Xautral: Gave 1 [Iron Axe] to Xautral]
[21:56:34] [Server thread/INFO]: Xautral issued server command: /tp gabwst
[21:56:34] [Server thread/INFO]: [Xautral: Teleported Xautral to [Legacy Omega] gabwst]
[21:56:34] [Server thread/INFO]: [Xautral: Set own game mode to Survival Mode]
[21:56:41] [Async Chat Thread - #104/INFO]: [Not Secure] <Ghostt29> xautral
[21:56:45] [Async Chat Thread - #104/INFO]: [Not Secure] <Xautral> puta PC de mierda
[21:56:46] [Async Chat Thread - #104/INFO]: [Not Secure] <Xautral> que wey
[21:56:54] [Async Chat Thread - #104/INFO]: [Not Secure] <Ghostt29> no hay ends citys :vvvv
[21:57:15] [Server thread/INFO]: [Xautral: Set own game mode to Creative Mode]
[21:57:17] [Server thread/INFO]: [Xautral: Set own game mode to Survival Mode]
[21:57:23] [Server thread/INFO]: elgrantemido issued server command: /spaw
[21:57:26] [Async Chat Thread - #104/INFO]: [Not Secure] <gabwst> esa fuerza 938i49378324 q
[21:57:30] [Server thread/INFO]: [Xautral: Set own game mode to Creative Mode]
[21:57:30] [Async Chat Thread - #104/INFO]: [Not Secure] <elgrantemido> yevenme al spaw
[21:57:32] [Async Chat Thread - #104/INFO]: [Not Secure] <Xautral> me lleve hacha
[21:57:32] [Async Chat Thread - #104/INFO]: [Not Secure] <Xautral> :v
[21:57:35] [Async Chat Thread - #104/INFO]: [Not Secure] <Xautral> aguanta
[21:57:40] [Async Chat Thread - #104/INFO]: [Not Secure] <Xautral> ragequit :eyes:
[21:57:41] [Server thread/INFO]: Xautral issued server command: /tp 0 0 0
[21:57:41] [Server thread/INFO]: [Xautral: Teleported Xautral to 0.500000, 0.000000, 0.500000]
[21:57:47] [Server thread/INFO]: [@: Teleported Xautral to -226.500000, 63.000000, -197.500000]
[21:57:48] [Async Chat Thread - #104/INFO]: [Not Secure] <Mixths> hey
[21:57:50] [Server thread/INFO]: Xautral issued server command: /effect give Xautral minecraft:regeneration infinite 1 true
[21:57:50] [Server thread/INFO]: [Xautral: Applied effect Regeneration to Xautral]
[21:57:52] [Server thread/INFO]: Xautral issued server command: /tp elgrantemido Xautral
[21:57:52] [Server thread/INFO]: [Xautral: Teleported [Temido Dominion] elgrantemido to Xautral]
[21:57:54] [Async Chat Thread - #104/INFO]: [Not Secure] <Xautral> ahora si
[21:57:55] [Server thread/INFO]: [Xautral: Set own game mode to Survival Mode]
[21:57:59] [Server thread/INFO]: Xautral issued server command: /tp Mixths
[21:57:59] [Server thread/INFO]: [Xautral: Teleported Xautral to [Legacy Omega] Mixths]
[21:58:08] [Async Chat Thread - #104/INFO]: [Not Secure] <elgrantemido> gracias
[21:58:26] [Server thread/INFO]: [Legacy Omega] gabwst was slain by Xautral
[21:58:42] [Server thread/INFO]: [Legacy Omega] Mixths was slain by Xautral
[21:58:50] [Server thread/INFO]: Xautral issued server command: /tp @e[team=Omega] Xautral
[21:58:50] [Server thread/INFO]: [Xautral: Teleported 2 entities to Xautral]
[21:58:52] [Async Chat Thread - #105/INFO]: [Not Secure] <Xautral> fue algo injuto
[21:58:55] [Async Chat Thread - #105/INFO]: [Not Secure] <Xautral> no les di ender_pearls
[21:58:58] [Server thread/INFO]: [Xautral: Set own game mode to Creative Mode]
[21:58:59] [Async Chat Thread - #105/INFO]: [Not Secure] <Xautral> tomen
[21:59:00] [Async Chat Thread - #105/INFO]: [Not Secure] <gabwst> obvio obvio
[21:59:12] [Server thread/INFO]: [Legacy Omega] gabwst was smashed by Xautral
[21:59:15] [Async Chat Thread - #105/INFO]: [Not Secure] <gabwst> ay
[21:59:16] [Async Chat Thread - #105/INFO]: [Not Secure] <Mixths> HEY
[21:59:16] [Async Chat Thread - #105/INFO]: [Not Secure] <Xautral> tu callate pendejo
[21:59:19] [Server thread/INFO]: Xautral issued server command: /tp gabwst Xautral
[21:59:19] [Server thread/INFO]: [Xautral: Teleported [Legacy Omega] gabwst to Xautral]
[21:59:22] [Async Chat Thread - #105/INFO]: [Not Secure] <Mixths> dejanos pendejo
[21:59:25] [Server thread/INFO]: [Legacy Omega] Mixths was smashed by Xautral
[21:59:28] [Async Chat Thread - #105/INFO]: [Not Secure] <Xautral> fue una prueba
[21:59:34] [Async Chat Thread - #105/INFO]: [Not Secure] <Xautral> pero ahora te maldeciré con Psicosis
[21:59:38] [Server thread/INFO]: Xautral issued server command: /tp Mixths x
[21:59:38] [Async Chat Thread - #105/INFO]: [Not Secure] <Mixths> gay :(
[21:59:39] [Server thread/INFO]: Xautral issued server command: /tp Mixths Xautral
[21:59:39] [Server thread/INFO]: [Xautral: Teleported [Legacy Omega] Mixths to Xautral]
[21:59:41] [Async Chat Thread - #105/INFO]: [Not Secure] <Xautral> gabwst
[21:59:43] [Server thread/INFO]: [Realm of Souls] nekosams has made the advancement [Ice Bucket Challenge]
[21:59:45] [Async Chat Thread - #105/INFO]: [Not Secure] <Xautral> por no andar de jot
[21:59:45] [Async Chat Thread - #105/INFO]: [Not Secure] <gabwst> q
[21:59:47] [Async Chat Thread - #105/INFO]: [Not Secure] <Xautral> te ganaste 1 spawner
[21:59:51] [Async Chat Thread - #105/INFO]: [Not Secure] <Xautral> y el huevo del animal que quieras
[21:59:51] [Async Chat Thread - #105/INFO]: [Not Secure] <gabwst> apoco
[21:59:59] [Async Chat Thread - #105/INFO]: [Not Secure] <Ghostt29> del warden
[22:00:02] [Async Chat Thread - #105/INFO]: [Not Secure] <Xautral> valv
[22:00:13] [Async Chat Thread - #105/INFO]: [Not Secure] <gabwst> m
[22:00:15] [Async Chat Thread - #105/INFO]: [Not Secure] <Xautral> m que
[22:00:24] [Async Chat Thread - #105/INFO]: [Not Secure] <gabwst> m
[22:00:29] [Async Chat Thread - #105/INFO]: [Not Secure] <Mixths> Xautral
[22:00:32] [Async Chat Thread - #105/INFO]: [Not Secure] <Mixths> mi pantyalon
[22:00:32] [Async Chat Thread - #105/INFO]: [Not Secure] <Xautral> que
[22:00:35] [Async Chat Thread - #105/INFO]: [Not Secure] <Xautral> te jodes
[22:00:35] [Async Chat Thread - #105/INFO]: [Not Secure] <Xautral> nose
[22:00:39] [Server thread/INFO]: Xautral issued server command: /tp @e[type=item] mx
[22:00:40] [Server thread/INFO]: Xautral issued server command: /tp @e[type=item] Mixths
[22:00:40] [Server thread/INFO]: [Xautral: Teleported 24 entities to [Legacy Omega] Mixths]
[22:00:40] [Server thread/INFO]: [Legacy Omega] Mixths has made the advancement [Ice Bucket Challenge]
[22:00:40] [Async Chat Thread - #105/INFO]: [Not Secure] <Mixths> hey hey hey
[22:00:43] [Async Chat Thread - #105/INFO]: [Not Secure] <Xautral> pa que chingas
[22:00:44] [Async Chat Thread - #105/INFO]: [Not Secure] <Xautral> ey ey ey
[22:00:46] [Async Chat Thread - #105/INFO]: [Not Secure] <Xautral> skibidi
[22:00:48] [Async Chat Thread - #105/INFO]: [Not Secure] <Xautral> no digas toilet
[22:00:52] [Async Chat Thread - #105/INFO]: [Not Secure] <Mixths> me falta
[22:01:02] [Async Chat Thread - #105/INFO]: [Not Secure] <Xautral> preguntale a gabwst si agarró algo
[22:01:05] [Server thread/INFO]: elgrantemido lost connection: Disconnected
[22:01:05] [Server thread/INFO]: [Temido Dominion] elgrantemido left the game
[22:01:06] [Async Chat Thread - #105/INFO]: [Not Secure] <Mixths> gabwst
[22:01:07] [Server thread/INFO]: Xautral issued server command: /ie glow false
[22:01:07] [Async Chat Thread - #105/INFO]: [Not Secure] <gabwst> no
[22:01:12] [Async Chat Thread - #105/INFO]: [Not Secure] <gabwst> tengo este
[22:01:28] [Server thread/INFO]: Xautral issued server command: /xp add @a 29992 levels
[22:01:28] [Server thread/INFO]: [Xautral: Gave 29992 experience levels to 5 players]
[22:01:33] [Async Chat Thread - #105/INFO]: [Not Secure] <Mixths> ERA DE DIAMANTEEEE
[22:01:35] [Async Chat Thread - #105/INFO]: [Not Secure] <Mixths> OSTIA
[22:01:35] [Async Chat Thread - #105/INFO]: [Not Secure] <Ghostt29> asumare
[22:01:41] [Async Chat Thread - #105/INFO]: [Not Secure] <Xautral> ostia tio
[22:01:42] [Async Chat Thread - #105/INFO]: [Not Secure] <Xautral> onda vital
